timeOpen;timeClose;timeHigh;timeLow;name;open;high;low;close;volume;marketCap;timestamp
"2024-05-01T00:00:00.000Z";"2024-05-01T23:59:59.999Z";"2024-05-01T18:56:00.000Z";"2024-05-01T08:25:00.000Z";"2781";13.1335028392;13.415224174;12.4508644798;13.344388306;445362230.59;7834393616.16;"2024-05-01T23:59:59.999Z"
"2024-04-30T00:00:00.000Z";"2024-04-30T23:59:59.999Z";"2024-04-30T00:57:00.000Z";"2024-04-30T19:19:00.000Z";"2781";14.0738218399;14.1891808753;12.8311166404;13.1335210103;352023290.56;7710679128.87;"2024-04-30T23:59:59.999Z"
"2024-04-29T00:00:00.000Z";"2024-04-29T23:59:59.999Z";"2024-04-29T23:27:00.000Z";"2024-04-29T14:07:00.000Z";"2781";13.8080380768;14.1615936179;13.7517700158;14.0737848955;277693637.08;8262740386.34;"2024-04-29T23:59:59.999Z"
"2024-04-28T00:00:00.000Z";"2024-04-28T23:59:59.999Z";"2024-04-28T03:16:00.000Z";"2024-04-28T23:42:00.000Z";"2781";14.2521300467;14.4225573005;13.7590873587;13.8080690046;216493198.83;8106698746.91;"2024-04-28T23:59:59.999Z"
"2024-04-27T00:00:00.000Z";"2024-04-27T23:59:59.999Z";"2024-04-27T00:25:00.000Z";"2024-04-27T17:03:00.000Z";"2781";14.4809722133;14.5109323466;13.892359653;14.2521300467;307273967.54;8367425129.29;"2024-04-27T23:59:59.999Z"
"2024-04-26T00:00:00.000Z";"2024-04-26T23:59:59.999Z";"2024-04-26T08:23:00.000Z";"2024-04-26T01:23:00.000Z";"2781";14.599360299;14.907396672;14.3835881241;14.4809722133;284590210.4;8501778358.57;"2024-04-26T23:59:59.999Z"
"2024-04-25T00:00:00.000Z";"2024-04-25T23:59:59.999Z";"2024-04-25T05:49:00.000Z";"2024-04-25T13:22:00.000Z";"2781";14.53818353;14.881219808;14.3794623076;14.599360299;338321601.96;8571284000.19;"2024-04-25T23:59:59.999Z"
"2024-04-24T00:00:00.000Z";"2024-04-24T23:59:59.999Z";"2024-04-24T12:10:00.000Z";"2024-04-24T23:07:00.000Z";"2781";15.1966276361;15.6213858168;14.3767862821;14.5378478015;389775169.79;8535367120.9;"2024-04-24T23:59:59.999Z"
"2024-04-23T00:00:00.000Z";"2024-04-23T23:59:59.999Z";"2024-04-23T05:55:00.000Z";"2024-04-23T18:43:00.000Z";"2781";15.4650972804;15.5685093232;15.1335893743;15.1966276361;286424071.9;8921939636.16;"2024-04-23T23:59:59.999Z"
"2024-04-22T00:00:00.000Z";"2024-04-22T23:59:59.999Z";"2024-04-22T04:35:00.000Z";"2024-04-22T00:42:00.000Z";"2781";15.0803779178;16.0149227353;15.0461095663;15.4650972804;402180030.4;9079558156.39;"2024-04-22T23:59:59.999Z"
"2024-04-21T00:00:00.000Z";"2024-04-21T23:59:59.999Z";"2024-04-21T23:07:00.000Z";"2024-04-21T16:42:00.000Z";"2781";14.9645921736;15.0965629616;14.5940500996;15.0804119116;253842937.35;8853689429.99;"2024-04-21T23:59:59.999Z"
"2024-04-20T00:00:00.000Z";"2024-04-20T23:59:59.999Z";"2024-04-20T20:52:00.000Z";"2024-04-20T01:07:00.000Z";"2781";13.9665756041;15.033139779;13.7914198232;14.9645921736;316011013.19;8785711622.97;"2024-04-20T23:59:59.999Z"
"2024-04-19T00:00:00.000Z";"2024-04-19T23:59:59.999Z";"2024-04-19T22:26:00.000Z";"2024-04-19T02:31:00.000Z";"2781";13.8930534439;14.0962255519;12.8074096431;13.9665986429;480090077.26;8199776124.49;"2024-04-19T23:59:59.999Z"
"2024-04-18T00:00:00.000Z";"2024-04-18T23:59:59.999Z";"2024-04-18T22:46:00.000Z";"2024-04-18T08:24:00.000Z";"2781";13.1352660684;13.9540260503;12.8528955743;13.8930534439;348386193.45;8156611266.44;"2024-04-18T23:59:59.999Z"
"2024-04-17T00:00:00.000Z";"2024-04-17T23:59:59.999Z";"2024-04-17T10:34:00.000Z";"2024-04-17T16:08:00.000Z";"2781";13.488026962;13.6007296666;12.7874161925;13.1352035609;376238309.47;7711714320.66;"2024-04-17T23:59:59.999Z"
"2024-04-16T00:00:00.000Z";"2024-04-16T23:59:59.999Z";"2024-04-16T07:39:00.000Z";"2024-04-16T16:26:00.000Z";"2781";13.5829376828;13.7951452001;12.858682822;13.4880323052;420986230.91;7918820230.87;"2024-04-16T23:59:59.999Z"
"2024-04-15T00:00:00.000Z";"2024-04-15T23:59:59.999Z";"2024-04-15T13:22:00.000Z";"2024-04-15T19:07:00.000Z";"2781";14.1198060539;14.655648853;13.2843050974;13.5825725901;563637577.71;7974542312.27;"2024-04-15T23:59:59.999Z"
"2024-04-14T00:00:00.000Z";"2024-04-14T23:59:59.999Z";"2024-04-14T23:23:00.000Z";"2024-04-14T03:16:00.000Z";"2781";13.3458252925;14.2304668359;12.7814047632;14.1197496162;727188553.01;8289737717.06;"2024-04-14T23:59:59.999Z"
"2024-04-13T00:00:00.000Z";"2024-04-13T23:59:59.999Z";"2024-04-13T05:25:00.000Z";"2024-04-13T21:31:00.000Z";"2781";15.1571987582;15.3891601506;11.9996711633;13.3458252925;1021815307.7;7835333634.89;"2024-04-13T23:59:59.999Z"
"2024-04-12T00:00:00.000Z";"2024-04-12T23:59:59.999Z";"2024-04-12T06:15:00.000Z";"2024-04-12T18:37:00.000Z";"2781";17.5500209866;17.854309461;14.0313601523;15.1571010112;943280037.92;8898790943.1;"2024-04-12T23:59:59.999Z"
"2024-04-11T00:00:00.000Z";"2024-04-11T23:59:59.999Z";"2024-04-11T20:38:00.000Z";"2024-04-11T14:32:00.000Z";"2781";17.4253749534;17.6112048857;17.0397475251;17.5500209866;266199103.69;10303616802.67;"2024-04-11T23:59:59.999Z"
"2024-04-10T00:00:00.000Z";"2024-04-10T23:59:59.999Z";"2024-04-10T06:32:00.000Z";"2024-04-10T12:45:00.000Z";"2781";17.3627370218;17.5676172803;16.9898394146;17.4253474228;369699834.88;10230437120.29;"2024-04-10T23:59:59.999Z"
"2024-04-09T00:00:00.000Z";"2024-04-09T23:59:59.999Z";"2024-04-09T00:19:00.000Z";"2024-04-09T15:14:00.000Z";"2781";18.1005975866;18.1611009173;17.2804586534;17.3627370218;351149960.04;10193662392.45;"2024-04-09T23:59:59.999Z"
"2024-04-08T00:00:00.000Z";"2024-04-08T23:59:59.999Z";"2024-04-08T11:13:00.000Z";"2024-04-08T04:40:00.000Z";"2781";17.9221328197;18.6513956672;17.570820143;18.1006478288;411741273.25;10626860308.3;"2024-04-08T23:59:59.999Z"
"2024-04-07T00:00:00.000Z";"2024-04-07T23:59:59.999Z";"2024-04-07T23:49:00.000Z";"2024-04-07T00:31:00.000Z";"2781";17.5742260653;17.9354137098;17.5172675797;17.9221427207;236284729.19;10522083648.91;"2024-04-07T23:59:59.999Z"
"2024-04-06T00:00:00.000Z";"2024-04-06T23:59:59.999Z";"2024-04-06T23:10:00.000Z";"2024-04-06T00:14:00.000Z";"2781";17.3474978344;17.6576342831;17.2937446245;17.5742260653;215699149.99;10317827603.66;"2024-04-06T23:59:59.999Z"
"2024-04-05T00:00:00.000Z";"2024-04-05T23:59:59.999Z";"2024-04-05T00:01:00.000Z";"2024-04-05T12:08:00.000Z";"2781";17.7939044382;17.7962747026;16.901479302;17.3474978344;359156923.62;10184715466.02;"2024-04-05T23:59:59.999Z"
"2024-04-04T00:00:00.000Z";"2024-04-04T23:59:59.999Z";"2024-04-04T18:08:00.000Z";"2024-04-04T04:27:00.000Z";"2781";17.7066238135;18.2490709481;17.4305112594;17.7939174845;360515168.44;10446800769.91;"2024-04-04T23:59:59.999Z"
"2024-04-03T00:00:00.000Z";"2024-04-03T23:59:59.999Z";"2024-04-03T02:03:00.000Z";"2024-04-03T21:22:00.000Z";"2781";17.9630586053;18.2841569735;17.4198181519;17.7066152612;402877117.37;10395558317.74;"2024-04-03T23:59:59.999Z"
"2024-04-02T00:00:00.000Z";"2024-04-02T23:59:59.999Z";"2024-04-02T07:29:00.000Z";"2024-04-02T02:44:00.000Z";"2781";18.3802510987;18.4712097309;17.5470305875;17.963333528;682013853.74;10546111176.43;"2024-04-02T23:59:59.999Z"
"2024-04-01T00:00:00.000Z";"2024-04-01T23:59:59.999Z";"2024-04-01T03:05:00.000Z";"2024-04-01T18:16:00.000Z";"2781";19.1377420534;19.2686878264;17.8850512935;18.3802634848;434693139.17;10791044876.98;"2024-04-01T23:59:59.999Z"
"2024-03-31T00:00:00.000Z";"2024-03-31T23:59:59.999Z";"2024-03-31T06:15:00.000Z";"2024-03-31T00:15:00.000Z";"2781";18.9430304733;19.33513208;18.9057372451;19.1377277724;295415720.57;11235767794.09;"2024-03-31T23:59:59.999Z"
"2024-03-30T00:00:00.000Z";"2024-03-30T23:59:59.999Z";"2024-03-30T14:10:00.000Z";"2024-03-30T03:56:00.000Z";"2781";18.9933506187;19.2941993633;18.8089548828;18.9430419745;299629003.13;11121452631.16;"2024-03-30T23:59:59.999Z"
"2024-03-29T00:00:00.000Z";"2024-03-29T23:59:59.999Z";"2024-03-29T15:07:00.000Z";"2024-03-29T07:56:00.000Z";"2781";19.160271682;19.2799916384;18.7616727792;18.9934386995;323576664.49;11150995587.02;"2024-03-29T23:59:59.999Z"
"2024-03-28T00:00:00.000Z";"2024-03-28T23:59:59.999Z";"2024-03-28T09:19:00.000Z";"2024-03-28T03:49:00.000Z";"2781";19.3018539839;19.769562577;19.0586425336;19.1607131546;383326986.69;11248994938.39;"2024-03-28T23:59:59.999Z"
"2024-03-27T00:00:00.000Z";"2024-03-27T23:59:59.999Z";"2024-03-27T01:19:00.000Z";"2024-03-27T19:01:00.000Z";"2781";20.0106855667;20.1717522496;19.0182342667;19.302182193;482866400.46;11332117903.62;"2024-03-27T23:59:59.999Z"
"2024-03-26T00:00:00.000Z";"2024-03-26T23:59:59.999Z";"2024-03-26T12:32:00.000Z";"2024-03-26T00:06:00.000Z";"2781";19.3597118199;20.7088020933;19.3517723275;20.0106763075;584522231.12;11748272904.97;"2024-03-26T23:59:59.999Z"
"2024-03-25T00:00:00.000Z";"2024-03-25T23:59:59.999Z";"2024-03-25T18:57:00.000Z";"2024-03-25T01:01:00.000Z";"2781";18.5326699331;19.4717006286;18.3969102127;19.3597118199;441562578.07;11366086237.44;"2024-03-25T23:59:59.999Z"
"2024-03-24T00:00:00.000Z";"2024-03-24T23:59:59.999Z";"2024-03-24T23:16:00.000Z";"2024-03-24T04:41:00.000Z";"2781";18.0722267739;18.6226947686;17.9986811066;18.5326699331;269868132.01;10880529970.15;"2024-03-24T23:59:59.999Z"
"2024-03-23T00:00:00.000Z";"2024-03-23T23:59:59.999Z";"2024-03-23T07:22:00.000Z";"2024-03-23T03:40:00.000Z";"2781";18.2931723789;18.4637128731;17.945195084;18.0722173367;331799169.83;10610203804.96;"2024-03-23T23:59:59.999Z"
"2024-03-22T00:00:00.000Z";"2024-03-22T23:59:59.999Z";"2024-03-22T00:16:00.000Z";"2024-03-22T14:55:00.000Z";"2781";18.4328483669;18.5447794255;17.3621713458;18.2906644276;497883211.16;10739920963.16;"2024-03-22T23:59:59.999Z"
"2024-03-21T00:00:00.000Z";"2024-03-21T23:59:59.999Z";"2024-03-21T17:11:00.000Z";"2024-03-21T05:23:00.000Z";"2781";18.406482649;18.885072753;17.9473518191;18.4313844893;552786830.31;10821924731.55;"2024-03-21T23:59:59.999Z"
"2024-03-20T00:00:00.000Z";"2024-03-20T23:59:59.999Z";"2024-03-20T22:07:00.000Z";"2024-03-20T05:28:00.000Z";"2781";16.8092955398;18.4975462308;16.3376586871;18.406482649;781775323.6;10806445419.36;"2024-03-20T23:59:59.999Z"
"2024-03-19T00:00:00.000Z";"2024-03-19T23:59:59.999Z";"2024-03-19T00:22:00.000Z";"2024-03-19T23:27:00.000Z";"2781";18.3243538585;18.4415810084;16.5395624303;16.8092955398;935598925.62;9868736914.74;"2024-03-19T23:59:59.999Z"
"2024-03-18T00:00:00.000Z";"2024-03-18T23:59:59.999Z";"2024-03-18T07:50:00.000Z";"2024-03-18T19:07:00.000Z";"2781";18.6744979444;19.4734783086;18.0713724512;18.3243538585;728929956.22;10758227608.91;"2024-03-18T23:59:59.999Z"
"2024-03-17T00:00:00.000Z";"2024-03-17T23:59:59.999Z";"2024-03-17T22:44:00.000Z";"2024-03-17T07:25:00.000Z";"2781";18.1262893857;18.7988645686;17.4630888801;18.6744979444;546519269.58;10963797191.39;"2024-03-17T23:59:59.999Z"
"2024-03-16T00:00:00.000Z";"2024-03-16T23:59:59.999Z";"2024-03-16T01:46:00.000Z";"2024-03-16T23:19:00.000Z";"2781";19.6057411972;19.8168155565;17.858531957;18.1262893857;655756726.07;10641943962.77;"2024-03-16T23:59:59.999Z"
"2024-03-15T00:00:00.000Z";"2024-03-15T23:59:59.999Z";"2024-03-15T00:07:00.000Z";"2024-03-15T09:15:00.000Z";"2781";20.9063741239;20.976298159;18.6814511992;19.6053870155;993744389.16;11510530077.57;"2024-03-15T23:59:59.999Z"
"2024-03-14T00:00:00.000Z";"2024-03-14T23:59:59.999Z";"2024-03-14T12:16:00.000Z";"2024-03-14T19:45:00.000Z";"2781";20.7689110758;21.9269252322;20.013766512;20.9062928116;1248029436.9;12274131630.41;"2024-03-14T23:59:59.999Z"
"2024-03-13T00:00:00.000Z";"2024-03-13T23:59:59.999Z";"2024-03-13T07:22:00.000Z";"2024-03-13T15:08:00.000Z";"2781";20.6657336871;20.9472080544;20.261915717;20.7681894298;571777047.09;12193427078.96;"2024-03-13T23:59:59.999Z"
"2024-03-12T00:00:00.000Z";"2024-03-12T23:59:59.999Z";"2024-03-12T00:26:00.000Z";"2024-03-12T17:24:00.000Z";"2781";21.2903634735;21.3234866136;19.7499787873;20.6667741874;824857503.48;12132851637.1;"2024-03-12T23:59:59.999Z"
"2024-03-11T00:00:00.000Z";"2024-03-11T23:59:59.999Z";"2024-03-11T00:07:00.000Z";"2024-03-11T16:31:00.000Z";"2781";21.7535388881;22.8252490875;20.9675339162;21.2896131684;1265727283.85;12499571766.23;"2024-03-11T23:59:59.999Z"
"2024-03-10T00:00:00.000Z";"2024-03-10T23:59:59.999Z";"2024-03-10T23:37:00.000Z";"2024-03-10T14:46:00.000Z";"2781";20.0285325759;21.9432029639;19.5203500522;21.7546118939;696612444.07;12771502038.44;"2024-03-10T23:59:59.999Z"
"2024-03-09T00:00:00.000Z";"2024-03-09T23:59:59.999Z";"2024-03-09T16:40:00.000Z";"2024-03-09T00:09:00.000Z";"2781";19.7413840603;20.3435494659;19.7199039204;20.0285257858;414335239.86;11758750883.53;"2024-03-09T23:59:59.999Z"
"2024-03-08T00:00:00.000Z";"2024-03-08T23:59:59.999Z";"2024-03-08T01:12:00.000Z";"2024-03-08T16:17:00.000Z";"2781";20.1268587883;20.3903886611;19.3212242767;19.7413522447;590191571.91;11590165998.5;"2024-03-08T23:59:59.999Z"
"2024-03-07T00:00:00.000Z";"2024-03-07T23:59:59.999Z";"2024-03-07T01:37:00.000Z";"2024-03-07T06:14:00.000Z";"2781";20.0759661611;20.3395837334;19.6430404673;20.1274266792;534632275.51;11816478199.91;"2024-03-07T23:59:59.999Z"
"2024-03-06T00:00:00.000Z";"2024-03-06T23:59:59.999Z";"2024-03-06T22:31:00.000Z";"2024-03-06T03:01:00.000Z";"2781";19.0120672639;20.1459682196;18.4274543627;20.0759661611;709851912.68;11786599139.98;"2024-03-06T23:59:59.999Z"
"2024-03-05T00:00:00.000Z";"2024-03-05T23:59:59.999Z";"2024-03-05T05:49:00.000Z";"2024-03-05T19:59:00.000Z";"2781";20.4491015068;20.9923667152;17.2087169505;19.0105214808;1277388780.67;11161984128.91;"2024-03-05T23:59:59.999Z"
"2024-03-04T00:00:00.000Z";"2024-03-04T23:59:59.999Z";"2024-03-04T00:40:00.000Z";"2024-03-04T18:31:00.000Z";"2781";20.5127782974;20.861109764;19.9164928254;20.4487572773;722955367.82;12005464793.31;"2024-03-04T23:59:59.999Z"
"2024-03-03T00:00:00.000Z";"2024-03-03T23:59:59.999Z";"2024-03-03T00:46:00.000Z";"2024-03-03T07:34:00.000Z";"2781";21.4212778322;21.4897630407;20.0821590735;20.5130176022;649140532.38;12043192028.15;"2024-03-03T23:59:59.999Z"
"2024-03-02T00:00:00.000Z";"2024-03-02T23:59:59.999Z";"2024-03-02T17:07:00.000Z";"2024-03-02T01:31:00.000Z";"2781";20.0610246752;21.676810793;20.025986613;21.4215992275;882798169.02;12576620273.53;"2024-03-02T23:59:59.999Z"
"2024-03-01T00:00:00.000Z";"2024-03-01T23:59:59.999Z";"2024-03-01T23:34:00.000Z";"2024-03-01T00:00:00.000Z";"2781";19.2840387825;20.0842262713;19.2840387825;20.0609071986;478178079.59;11777758023.55;"2024-03-01T23:59:59.999Z"
"2024-02-29T00:00:00.000Z";"2024-02-29T23:59:59.999Z";"2024-02-29T09:11:00.000Z";"2024-02-29T22:46:00.000Z";"2781";19.4340707928;20.4159464456;18.8555335025;19.28771477;832935351.95;11323816771.59;"2024-02-29T23:59:59.999Z"
"2024-02-28T00:00:00.000Z";"2024-02-28T23:59:59.999Z";"2024-02-28T14:04:00.000Z";"2024-02-28T18:27:00.000Z";"2781";19.0350300115;20.6235157363;18.4880451081;19.4317854845;1212477257.74;11408400683.79;"2024-02-28T23:59:59.999Z"
"2024-02-27T00:00:00.000Z";"2024-02-27T23:59:59.999Z";"2024-02-27T10:55:00.000Z";"2024-02-27T16:15:00.000Z";"2781";19.11561491;19.3529346744;18.7764821893;19.0364267008;477370752.55;11176285553.58;"2024-02-27T23:59:59.999Z"
"2024-02-26T00:00:00.000Z";"2024-02-26T23:59:59.999Z";"2024-02-26T20:53:00.000Z";"2024-02-26T09:58:00.000Z";"2781";18.7041087671;19.26122511;18.1741825587;19.1162573944;452194269.37;11223154151.43;"2024-02-26T23:59:59.999Z"
"2024-02-25T00:00:00.000Z";"2024-02-25T23:59:59.999Z";"2024-02-25T20:17:00.000Z";"2024-02-25T09:26:00.000Z";"2781";18.5267963374;18.8228569369;18.3905176262;18.7046353746;249814542.57;10981490875.76;"2024-02-25T23:59:59.999Z"
"2024-02-24T00:00:00.000Z";"2024-02-24T23:59:59.999Z";"2024-02-24T22:29:00.000Z";"2024-02-24T02:06:00.000Z";"2781";17.9390929129;18.5500906727;17.7943117177;18.5263598684;274343168.43;10876825331.34;"2024-02-24T23:59:59.999Z"
"2024-02-23T00:00:00.000Z";"2024-02-23T23:59:59.999Z";"2024-02-23T01:19:00.000Z";"2024-02-23T16:17:00.000Z";"2781";18.1120763141;18.2512421877;17.6660024382;17.9390979546;438465710.64;10532043879.09;"2024-02-23T23:59:59.999Z"
"2024-02-22T00:00:00.000Z";"2024-02-22T23:59:59.999Z";"2024-02-22T09:53:00.000Z";"2024-02-22T23:47:00.000Z";"2781";18.583707936;18.9992447707;18.0905389014;18.1129540393;426909233.18;10634114781.31;"2024-02-22T23:59:59.999Z"
"2024-02-21T00:00:00.000Z";"2024-02-21T23:59:59.999Z";"2024-02-21T00:00:00.000Z";"2024-02-21T18:31:00.000Z";"2781";19.2951879538;19.2951879538;18.0488029136;18.5822545534;495965298.18;10909641099.25;"2024-02-21T23:59:59.999Z"
"2024-02-20T00:00:00.000Z";"2024-02-20T23:59:59.999Z";"2024-02-20T00:21:00.000Z";"2024-02-20T17:25:00.000Z";"2781";19.8203610006;19.8693542376;18.7067499241;19.2951953168;568223480.1;11328208600.4;"2024-02-20T23:59:59.999Z"
"2024-02-19T00:00:00.000Z";"2024-02-19T23:59:59.999Z";"2024-02-19T08:02:00.000Z";"2024-02-19T14:08:00.000Z";"2781";20.0985545959;20.2176043034;19.6984683604;19.8206068734;454015884.37;11636677709.74;"2024-02-19T23:59:59.999Z"
"2024-02-18T00:00:00.000Z";"2024-02-18T23:59:59.999Z";"2024-02-18T22:41:00.000Z";"2024-02-18T02:58:00.000Z";"2781";20.0343621853;20.3432922372;19.8066901809;20.0965078826;356118168.45;11798659184.07;"2024-02-18T23:59:59.999Z"
"2024-02-17T00:00:00.000Z";"2024-02-17T23:59:59.999Z";"2024-02-17T21:56:00.000Z";"2024-02-17T15:11:00.000Z";"2781";19.572494833;20.2472165417;19.3034554031;20.0346072745;427306997.62;11762317338.88;"2024-02-17T23:59:59.999Z"
"2024-02-16T00:00:00.000Z";"2024-02-16T23:59:59.999Z";"2024-02-16T06:29:00.000Z";"2024-02-16T18:08:00.000Z";"2781";19.9490894113;20.3017654787;19.2764484828;19.5723542061;489684939.08;11490928576.12;"2024-02-16T23:59:59.999Z"
"2024-02-15T00:00:00.000Z";"2024-02-15T23:59:59.999Z";"2024-02-15T00:49:00.000Z";"2024-02-15T16:17:00.000Z";"2781";20.2777011362;20.5103054841;19.7077407222;19.9493801555;544567669.69;11712280499.84;"2024-02-15T23:59:59.999Z"
"2024-02-14T00:00:00.000Z";"2024-02-14T23:59:59.999Z";"2024-02-14T09:53:00.000Z";"2024-02-14T00:45:00.000Z";"2781";19.8870856438;20.4195778603;19.7454042889;20.2779418772;543487979.45;11905179076.97;"2024-02-14T23:59:59.999Z"
"2024-02-13T00:00:00.000Z";"2024-02-13T23:59:59.999Z";"2024-02-13T00:21:00.000Z";"2024-02-13T15:16:00.000Z";"2781";20.4898050075;20.5765975127;19.606748482;19.886283741;613499012.93;11675236596.74;"2024-02-13T23:59:59.999Z"
"2024-02-12T00:00:00.000Z";"2024-02-12T23:59:59.999Z";"2024-02-12T19:32:00.000Z";"2024-02-12T02:50:00.000Z";"2781";20.1302960627;20.8220923447;19.8151205078;20.4919621457;848502024.28;12030830370.28;"2024-02-12T23:59:59.999Z"
"2024-02-11T00:00:00.000Z";"2024-02-11T23:59:59.999Z";"2024-02-11T11:02:00.000Z";"2024-02-11T00:50:00.000Z";"2781";19.0858828029;20.6483085281;18.8814082138;20.1289602601;862425647;11817711973.96;"2024-02-11T23:59:59.999Z"
"2024-02-10T00:00:00.000Z";"2024-02-10T23:59:59.999Z";"2024-02-10T23:59:00.000Z";"2024-02-10T10:57:00.000Z";"2781";18.4677528615;19.0910998055;18.0498452702;19.0910998055;429015962.13;11208384131.75;"2024-02-10T23:59:59.999Z"
"2024-02-09T00:00:00.000Z";"2024-02-09T23:59:59.999Z";"2024-02-09T22:08:00.000Z";"2024-02-09T00:56:00.000Z";"2781";18.2302953656;18.6078233172;18.0828297392;18.4678824215;565029386.17;10842493223.98;"2024-02-09T23:59:59.999Z"
"2024-02-08T00:00:00.000Z";"2024-02-08T23:59:59.999Z";"2024-02-08T07:55:00.000Z";"2024-02-08T20:47:00.000Z";"2781";18.8537815385;19.2396553329;18.0633021933;18.2313052567;615473558.68;10703598777.52;"2024-02-08T23:59:59.999Z"
"2024-02-07T00:00:00.000Z";"2024-02-07T23:59:59.999Z";"2024-02-07T23:25:00.000Z";"2024-02-07T03:08:00.000Z";"2781";18.2975427172;19.0437257677;18.1020557563;18.8549259068;579755784;11069726442.79;"2024-02-07T23:59:59.999Z"
"2024-02-06T00:00:00.000Z";"2024-02-06T23:59:59.999Z";"2024-02-06T02:23:00.000Z";"2024-02-06T23:29:00.000Z";"2781";19.1319035142;19.2654401541;18.2929292573;18.2980127037;675104329.5;10742762717.71;"2024-02-06T23:59:59.999Z"
"2024-02-05T00:00:00.000Z";"2024-02-05T23:59:59.999Z";"2024-02-05T11:59:00.000Z";"2024-02-05T01:12:00.000Z";"2781";18.1757437767;19.6849883354;17.8531751065;19.1315615323;1106380674.01;11232139210.34;"2024-02-05T23:59:59.999Z"
"2024-02-04T00:00:00.000Z";"2024-02-04T23:59:59.999Z";"2024-02-04T21:44:00.000Z";"2024-02-04T07:47:00.000Z";"2781";17.6618043142;18.6202841968;17.5681684099;18.1760604427;702727904.73;10671164548.86;"2024-02-04T23:59:59.999Z"
"2024-02-03T00:00:00.000Z";"2024-02-03T23:59:59.999Z";"2024-02-03T09:47:00.000Z";"2024-02-03T04:01:00.000Z";"2781";17.7909565679;18.0961634686;17.5357429545;17.6619236253;650741969.61;10369314838.59;"2024-02-03T23:59:59.999Z"
"2024-02-02T00:00:00.000Z";"2024-02-02T23:59:59.999Z";"2024-02-02T17:08:00.000Z";"2024-02-02T00:00:00.000Z";"2781";17.183262547;18.8331007282;17.183262547;17.7911612457;1568486380.9;10390927217.64;"2024-02-02T23:59:59.999Z"
"2024-02-01T00:00:00.000Z";"2024-02-01T23:59:59.999Z";"2024-02-01T21:59:00.000Z";"2024-02-01T02:08:00.000Z";"2781";15.3997620899;17.356884962;15.1675688806;17.1842465483;1236597576.58;9762369956.36;"2024-02-01T23:59:59.999Z"
"2024-01-31T00:00:00.000Z";"2024-01-31T23:59:59.999Z";"2024-01-31T04:59:00.000Z";"2024-01-31T22:14:00.000Z";"2781";15.4672722222;16.0268052623;15.107113489;15.3986074232;741461691.73;8747948422.16;"2024-01-31T23:59:59.999Z"
"2024-01-30T00:00:00.000Z";"2024-01-30T23:59:59.999Z";"2024-01-30T17:29:00.000Z";"2024-01-30T00:55:00.000Z";"2781";14.9885593689;15.7730169346;14.913155456;15.4673676183;539457494.96;8787011086.97;"2024-01-30T23:59:59.999Z"
"2024-01-29T00:00:00.000Z";"2024-01-29T23:59:59.999Z";"2024-01-29T22:38:00.000Z";"2024-01-29T14:53:00.000Z";"2781";14.5096931704;15.0632391388;14.2997744664;14.9882559132;460964052.04;8514827741.43;"2024-01-29T23:59:59.999Z"
"2024-01-28T00:00:00.000Z";"2024-01-28T23:59:59.999Z";"2024-01-28T09:29:00.000Z";"2024-01-28T19:45:00.000Z";"2781";14.3415463608;14.687256929;14.2340101366;14.5175624357;330708265.53;8247426790.78;"2024-01-28T23:59:59.999Z"
"2024-01-27T00:00:00.000Z";"2024-01-27T23:59:59.999Z";"2024-01-27T19:44:00.000Z";"2024-01-27T08:25:00.000Z";"2781";14.1953855888;14.3906916834;14.1031510827;14.3402976908;227717438.76;8146722694.41;"2024-01-27T23:59:59.999Z"
"2024-01-26T00:00:00.000Z";"2024-01-26T23:59:59.999Z";"2024-01-26T16:56:00.000Z";"2024-01-26T00:32:00.000Z";"2781";13.7577562078;14.2797445375;13.6484453994;14.1955348379;349862979.5;8064482921.98;"2024-01-26T23:59:59.999Z"
"2024-01-25T00:00:00.000Z";"2024-01-25T23:59:59.999Z";"2024-01-25T00:00:00.000Z";"2024-01-25T17:11:00.000Z";"2781";14.2353528415;14.2353528415;13.5339963368;13.7577121865;335499608.3;7815755886.64;"2024-01-25T23:59:59.999Z"
"2024-01-24T00:00:00.000Z";"2024-01-24T23:59:59.999Z";"2024-01-24T10:52:00.000Z";"2024-01-24T20:52:00.000Z";"2781";14.2754618436;14.4115419343;13.9273118667;14.2351341784;416405212.24;8086979306.17;"2024-01-24T23:59:59.999Z"
"2024-01-23T00:00:00.000Z";"2024-01-23T23:59:59.999Z";"2024-01-23T03:17:00.000Z";"2024-01-23T14:25:00.000Z";"2781";14.5445411385;14.8588437362;13.5949027318;14.2746809037;616651164.16;8109445799.6;"2024-01-23T23:59:59.999Z"
"2024-01-22T00:00:00.000Z";"2024-01-22T23:59:59.999Z";"2024-01-22T05:53:00.000Z";"2024-01-22T22:49:00.000Z";"2781";15.3916107892;15.8902388055;14.5206729862;14.5449481918;708261897.52;8262984638.01;"2024-01-22T23:59:59.999Z"
"2024-01-21T00:00:00.000Z";"2024-01-21T23:59:59.999Z";"2024-01-21T11:14:00.000Z";"2024-01-21T23:59:00.000Z";"2781";15.7429509792;15.8786773927;15.391012075;15.391012075;324358692.94;8743633505.04;"2024-01-21T23:59:59.999Z"
"2024-01-20T00:00:00.000Z";"2024-01-20T23:59:59.999Z";"2024-01-20T08:08:00.000Z";"2024-01-20T17:03:00.000Z";"2781";16.0439418103;16.525059385;15.6865767294;15.7423749237;732056418.99;8943242729.03;"2024-01-20T23:59:59.999Z"
"2024-01-19T00:00:00.000Z";"2024-01-19T23:59:59.999Z";"2024-01-19T23:38:00.000Z";"2024-01-19T01:32:00.000Z";"2781";14.6498685038;16.3208925348;14.4866673405;16.0413083683;826092586.54;9113066810.06;"2024-01-19T23:59:59.999Z"
"2024-01-18T00:00:00.000Z";"2024-01-18T23:59:59.999Z";"2024-01-18T00:03:00.000Z";"2024-01-18T20:38:00.000Z";"2781";15.732047878;15.7454186177;14.2490229506;14.649992825;610064426.4;8322660491;"2024-01-18T23:59:59.999Z"
"2024-01-17T00:00:00.000Z";"2024-01-17T23:59:59.999Z";"2024-01-17T15:17:00.000Z";"2024-01-17T00:01:00.000Z";"2781";15.2616581997;16.3377164305;15.2616449688;15.730316841;803102009.71;8936392532.58;"2024-01-17T23:59:59.999Z"
"2024-01-16T00:00:00.000Z";"2024-01-16T23:59:59.999Z";"2024-01-16T21:41:00.000Z";"2024-01-16T14:45:00.000Z";"2781";15.1936327046;15.3438108568;14.7898707294;15.2617615625;387299705.89;8670206292.7;"2024-01-16T23:59:59.999Z"
"2024-01-15T00:00:00.000Z";"2024-01-15T23:59:59.999Z";"2024-01-15T13:44:00.000Z";"2024-01-15T00:02:00.000Z";"2781";14.7923516545;15.9954445968;14.776418377;15.1950735282;707218360.08;8632320822.4;"2024-01-15T23:59:59.999Z"
"2024-01-14T00:00:00.000Z";"2024-01-14T23:59:59.999Z";"2024-01-14T17:46:00.000Z";"2024-01-14T01:07:00.000Z";"2781";14.3636946201;15.3542861945;14.3019363689;14.7970924087;663453857.35;8406227760.16;"2024-01-14T23:59:59.999Z"
"2024-01-13T00:00:00.000Z";"2024-01-13T23:59:59.999Z";"2024-01-13T23:16:00.000Z";"2024-01-13T01:17:00.000Z";"2781";14.131389114;14.4217430461;13.8533723137;14.3640354223;299419279.75;8160208099.02;"2024-01-13T23:59:59.999Z"
"2024-01-12T00:00:00.000Z";"2024-01-12T23:59:59.999Z";"2024-01-12T14:32:00.000Z";"2024-01-12T22:31:00.000Z";"2781";15.031191328;15.2815611261;13.765816287;14.1343052453;577192493.79;8029698392.22;"2024-01-12T23:59:59.999Z"
"2024-01-11T00:00:00.000Z";"2024-01-11T23:59:59.999Z";"2024-01-11T13:26:00.000Z";"2024-01-11T06:38:00.000Z";"2781";15.0351539858;15.6569338345;14.6334316154;15.0326857756;697822804.28;8540068344.95;"2024-01-11T23:59:59.999Z"
"2024-01-10T00:00:00.000Z";"2024-01-10T23:59:59.999Z";"2024-01-10T23:23:00.000Z";"2024-01-10T02:48:00.000Z";"2781";13.7061211398;15.3102474842;13.5951406264;15.0318192834;661542901.69;8539576090.77;"2024-01-10T23:59:59.999Z"
"2024-01-09T00:00:00.000Z";"2024-01-09T23:59:59.999Z";"2024-01-09T00:17:00.000Z";"2024-01-09T21:02:00.000Z";"2781";14.1577290703;14.2426723806;13.395682585;13.7059762725;546517541.26;7786364715.42;"2024-01-09T23:59:59.999Z"
"2024-01-08T00:00:00.000Z";"2024-01-08T23:59:59.999Z";"2024-01-08T20:02:00.000Z";"2024-01-08T03:29:00.000Z";"2781";13.1412148176;14.3873626186;12.6488879129;14.1569935539;553717423.33;8042587619.69;"2024-01-08T23:59:59.999Z"
"2024-01-07T00:00:00.000Z";"2024-01-07T23:59:59.999Z";"2024-01-07T06:19:00.000Z";"2024-01-07T23:45:00.000Z";"2781";13.4266581254;13.7148383377;13.0575220253;13.1402970298;310835367.92;7465002354.37;"2024-01-07T23:59:59.999Z"
"2024-01-06T00:00:00.000Z";"2024-01-06T23:59:59.999Z";"2024-01-06T00:07:00.000Z";"2024-01-06T07:04:00.000Z";"2781";14.0675134907;14.0947631761;13.2679426293;13.428382208;379600087.03;7628663535.6;"2024-01-06T23:59:59.999Z"
"2024-01-05T00:00:00.000Z";"2024-01-05T23:59:59.999Z";"2024-01-05T00:29:00.000Z";"2024-01-05T20:08:00.000Z";"2781";14.554086184;14.6429933645;13.8576897159;14.0651121523;591619366.4;7990389798.12;"2024-01-05T23:59:59.999Z"
"2024-01-04T00:00:00.000Z";"2024-01-04T23:59:59.999Z";"2024-01-04T20:43:00.000Z";"2024-01-04T01:58:00.000Z";"2781";14.150726995;14.750560274;14.0320130268;14.554018812;428122958.49;8268137657.1;"2024-01-04T23:59:59.999Z"
"2024-01-03T00:00:00.000Z";"2024-01-03T23:59:59.999Z";"2024-01-03T06:27:00.000Z";"2024-01-03T12:15:00.000Z";"2781";15.1657811747;15.5489967102;13.3091491721;14.1505576089;861494360.81;8038931359.51;"2024-01-03T23:59:59.999Z"
"2024-01-02T00:00:00.000Z";"2024-01-02T23:59:59.999Z";"2024-01-02T09:08:00.000Z";"2024-01-02T21:31:00.000Z";"2781";15.5376476002;16.046948683;15.1181239435;15.1652925698;500000291.42;8615402260.84;"2024-01-02T23:59:59.999Z"
"2024-01-01T00:00:00.000Z";"2024-01-01T23:59:59.999Z";"2024-01-01T23:41:00.000Z";"2024-01-01T04:23:00.000Z";"2781";14.9469281418;15.5599298795;14.8742879473;15.5358087343;319817916.7;8825892482.89;"2024-01-01T23:59:59.999Z"
"2023-12-31T00:00:00.000Z";"2023-12-31T23:59:59.999Z";"2023-12-31T12:37:00.000Z";"2023-12-31T22:55:00.000Z";"2781";15.1911493228;15.4815357087;14.9014568278;14.9461232289;346636245.14;8490892164.74;"2023-12-31T23:59:59.999Z"
"2023-12-30T00:00:00.000Z";"2023-12-30T23:59:59.999Z";"2023-12-30T01:36:00.000Z";"2023-12-30T09:46:00.000Z";"2781";15.5335371062;15.6124356377;15.0804863392;15.1932480529;304404383.25;8631283769.96;"2023-12-30T23:59:59.999Z"
"2023-12-29T00:00:00.000Z";"2023-12-29T23:59:59.999Z";"2023-12-29T11:34:00.000Z";"2023-12-29T22:23:00.000Z";"2781";16.048737616;16.2069758176;15.256011714;15.5339260836;641252305.61;8824822949.1;"2023-12-29T23:59:59.999Z"
"2023-12-28T00:00:00.000Z";"2023-12-28T23:59:59.999Z";"2023-12-28T01:42:00.000Z";"2023-12-28T22:29:00.000Z";"2781";16.6785230993;17.5437029841;16.0409523755;16.051332872;1136588734.4;9118761730.32;"2023-12-28T23:59:59.999Z"
"2023-12-27T00:00:00.000Z";"2023-12-27T23:59:59.999Z";"2023-12-27T23:59:00.000Z";"2023-12-27T03:34:00.000Z";"2781";15.0910469682;16.6720731878;14.7089512455;16.6720731878;795330264.66;9471404285.4;"2023-12-27T23:59:59.999Z"
"2023-12-26T00:00:00.000Z";"2023-12-26T23:59:59.999Z";"2023-12-26T03:33:00.000Z";"2023-12-26T17:43:00.000Z";"2781";15.6079244543;15.8532942563;14.5992593364;15.0908933637;590842108.54;8573136074.05;"2023-12-26T23:59:59.999Z"
"2023-12-25T00:00:00.000Z";"2023-12-25T23:59:59.999Z";"2023-12-25T22:55:00.000Z";"2023-12-25T00:46:00.000Z";"2781";15.3087672736;15.7028661763;15.1816577648;15.6083953298;459143711.64;8867128925.66;"2023-12-25T23:59:59.999Z"
"2023-12-24T00:00:00.000Z";"2023-12-24T23:59:59.999Z";"2023-12-24T19:32:00.000Z";"2023-12-24T22:54:00.000Z";"2781";15.6883632569;15.9186478814;15.2555746058;15.3103267149;571354195.11;8697796154.36;"2023-12-24T23:59:59.999Z"
"2023-12-23T00:00:00.000Z";"2023-12-23T23:59:59.999Z";"2023-12-23T16:18:00.000Z";"2023-12-23T04:07:00.000Z";"2781";15.4968296789;15.8696629403;14.965623198;15.6873404427;560613728.66;8911977641.98;"2023-12-23T23:59:59.999Z"
"2023-12-22T00:00:00.000Z";"2023-12-22T23:59:59.999Z";"2023-12-22T06:31:00.000Z";"2023-12-22T09:20:00.000Z";"2781";15.2874285719;15.6690666629;15.1282626727;15.4973133911;598902011.07;8804023279.58;"2023-12-22T23:59:59.999Z"
"2023-12-21T00:00:00.000Z";"2023-12-21T23:59:59.999Z";"2023-12-21T23:59:00.000Z";"2023-12-21T01:20:00.000Z";"2781";14.2272663787;15.2865524473;14.2075814835;15.2865524473;612613684.46;8684289993.63;"2023-12-21T23:59:59.999Z"
"2023-12-20T00:00:00.000Z";"2023-12-20T23:59:59.999Z";"2023-12-20T15:28:00.000Z";"2023-12-20T02:11:00.000Z";"2781";14.0951046426;14.781496242;14.0266209472;14.2250224075;446154608.55;8081234809.4;"2023-12-20T23:59:59.999Z"
"2023-12-19T00:00:00.000Z";"2023-12-19T23:59:59.999Z";"2023-12-19T02:16:00.000Z";"2023-12-19T18:03:00.000Z";"2781";14.6474157311;14.7791115869;13.9835273923;14.0955957751;412165749.73;8007707543.35;"2023-12-19T23:59:59.999Z"
"2023-12-18T00:00:00.000Z";"2023-12-18T23:59:59.999Z";"2023-12-18T23:55:00.000Z";"2023-12-18T03:01:00.000Z";"2781";14.0183866777;14.6492035721;13.7048014819;14.6457225737;691112281.51;8320234561.36;"2023-12-18T23:59:59.999Z"
"2023-12-17T00:00:00.000Z";"2023-12-17T23:59:59.999Z";"2023-12-17T17:16:00.000Z";"2023-12-17T23:36:00.000Z";"2781";14.319420756;14.3447476638;13.9498091662;14.020898714;336120330.72;7965272145.13;"2023-12-17T23:59:59.999Z"
"2023-12-16T00:00:00.000Z";"2023-12-16T23:59:59.999Z";"2023-12-16T16:46:00.000Z";"2023-12-16T00:40:00.000Z";"2781";14.3278092347;14.7623766874;14.198896018;14.3181555896;369999032.69;8134143767.39;"2023-12-16T23:59:59.999Z"
"2023-12-15T00:00:00.000Z";"2023-12-15T23:59:59.999Z";"2023-12-15T00:00:00.000Z";"2023-12-15T23:59:00.000Z";"2781";15.3932613808;15.3932613808;14.3272721957;14.3272721957;489878330.44;8095624745.19;"2023-12-15T23:59:59.999Z"
"2023-12-14T00:00:00.000Z";"2023-12-14T23:59:59.999Z";"2023-12-14T17:50:00.000Z";"2023-12-14T05:03:00.000Z";"2781";14.7779272256;15.5126050734;14.6682073882;15.3931073937;716806418;8571651397.39;"2023-12-14T23:59:59.999Z"
"2023-12-13T00:00:00.000Z";"2023-12-13T23:59:59.999Z";"2023-12-13T22:22:00.000Z";"2023-12-13T07:02:00.000Z";"2781";14.5213064141;14.9154917119;13.9758557479;14.7787908849;643456905.6;8229569267.6;"2023-12-13T23:59:59.999Z"
"2023-12-12T00:00:00.000Z";"2023-12-12T23:59:59.999Z";"2023-12-12T02:31:00.000Z";"2023-12-12T22:02:00.000Z";"2781";14.7654041937;15.1144899745;14.2266442478;14.5213081516;604737208.05;8086190015.18;"2023-12-12T23:59:59.999Z"
"2023-12-11T00:00:00.000Z";"2023-12-11T23:59:59.999Z";"2023-12-11T00:11:00.000Z";"2023-12-11T18:32:00.000Z";"2781";16.3381088937;16.4211654844;14.3124952813;14.7653646536;1146416405.69;8222092871.07;"2023-12-11T23:59:59.999Z"
"2023-12-10T00:00:00.000Z";"2023-12-10T23:59:59.999Z";"2023-12-10T01:30:00.000Z";"2023-12-10T10:01:00.000Z";"2781";16.2212428411;16.4328389863;15.8882514215;16.3335460774;458733835.21;9095334650.6;"2023-12-10T23:59:59.999Z"
"2023-12-09T00:00:00.000Z";"2023-12-09T23:59:59.999Z";"2023-12-09T08:23:00.000Z";"2023-12-09T23:37:00.000Z";"2781";16.9388549005;17.2683226757;16.1602463232;16.2184173259;865532067.09;9031225208.74;"2023-12-09T23:59:59.999Z"
"2023-12-08T00:00:00.000Z";"2023-12-08T23:59:59.999Z";"2023-12-08T13:58:00.000Z";"2023-12-08T02:52:00.000Z";"2781";15.711419431;17.1033221495;15.5955305322;16.9420273518;988810739.07;9434167430.27;"2023-12-08T23:59:59.999Z"
"2023-12-07T00:00:00.000Z";"2023-12-07T23:59:59.999Z";"2023-12-07T22:16:00.000Z";"2023-12-07T13:53:00.000Z";"2781";15.2922094504;15.781214731;14.8273828813;15.7120529085;778907366.3;8749256197.84;"2023-12-07T23:59:59.999Z"
"2023-12-06T00:00:00.000Z";"2023-12-06T23:59:59.999Z";"2023-12-06T01:16:00.000Z";"2023-12-06T23:59:00.000Z";"2781";15.7214131725;16.1227914699;15.2903071082;15.2903071082;702626733.38;8514407061.42;"2023-12-06T23:59:59.999Z"
"2023-12-05T00:00:00.000Z";"2023-12-05T23:59:59.999Z";"2023-12-05T18:13:00.000Z";"2023-12-05T11:05:00.000Z";"2781";15.7691473694;16.0205919385;15.2228027072;15.7207801655;656438313.47;8754115970.65;"2023-12-05T23:59:59.999Z"
"2023-12-04T00:00:00.000Z";"2023-12-04T23:59:59.999Z";"2023-12-04T07:22:00.000Z";"2023-12-04T16:05:00.000Z";"2781";15.7416145053;16.3505486596;15.4667050896;15.7643493581;981896556.65;8778377474.29;"2023-12-04T23:59:59.999Z"
"2023-12-03T00:00:00.000Z";"2023-12-03T23:59:59.999Z";"2023-12-03T08:02:00.000Z";"2023-12-03T23:58:00.000Z";"2781";15.9936502097;16.2493237106;15.7407733437;15.7426122774;549786104.47;8766273181.5;"2023-12-03T23:59:59.999Z"
"2023-12-02T00:00:00.000Z";"2023-12-02T23:59:59.999Z";"2023-12-02T21:14:00.000Z";"2023-12-02T00:34:00.000Z";"2781";14.9828706005;16.1684558243;14.9406425642;15.994240617;693342917.09;8906392415;"2023-12-02T23:59:59.999Z"
"2023-12-01T00:00:00.000Z";"2023-12-01T23:59:59.999Z";"2023-12-01T16:37:00.000Z";"2023-12-01T01:06:00.000Z";"2781";14.4046448561;15.0158580651;14.309394822;14.9832292975;515864141.99;8343410791.61;"2023-12-01T23:59:59.999Z"
"2023-11-30T00:00:00.000Z";"2023-11-30T23:59:59.999Z";"2023-11-30T12:09:00.000Z";"2023-11-30T20:30:00.000Z";"2781";14.5129627437;14.7943128977;14.3098270925;14.4044313813;519218595.62;8021107189.07;"2023-11-30T23:59:59.999Z"
"2023-11-29T00:00:00.000Z";"2023-11-29T23:59:59.999Z";"2023-11-29T09:16:00.000Z";"2023-11-29T16:42:00.000Z";"2781";14.519965166;14.9591708371;14.4508408628;14.5117247031;535989113.03;8080853472.13;"2023-11-29T23:59:59.999Z"
"2023-11-28T00:00:00.000Z";"2023-11-28T23:59:59.999Z";"2023-11-28T21:00:00.000Z";"2023-11-28T06:08:00.000Z";"2781";14.2003587014;14.6725882768;13.8326956899;14.5196822345;602325961.46;8085284623.28;"2023-11-28T23:59:59.999Z"
"2023-11-27T00:00:00.000Z";"2023-11-27T23:59:59.999Z";"2023-11-27T01:10:00.000Z";"2023-11-27T20:31:00.000Z";"2781";14.7875191899;15.2423131449;13.9374138997;14.2013279457;629034296.99;7908009046.96;"2023-11-27T23:59:59.999Z"
"2023-11-26T00:00:00.000Z";"2023-11-26T23:59:59.999Z";"2023-11-26T09:12:00.000Z";"2023-11-26T16:38:00.000Z";"2781";14.7570873976;15.2833948242;14.563508788;14.7890142086;534766652.68;8235262125.1;"2023-11-26T23:59:59.999Z"
"2023-11-25T00:00:00.000Z";"2023-11-25T23:59:59.999Z";"2023-11-25T10:29:00.000Z";"2023-11-25T00:07:00.000Z";"2781";14.4608323272;14.9341534305;14.4478733044;14.7562772319;401143324.02;8217032540.57;"2023-11-25T23:59:59.999Z"
"2023-11-24T00:00:00.000Z";"2023-11-24T23:59:59.999Z";"2023-11-24T16:22:00.000Z";"2023-11-24T07:22:00.000Z";"2781";14.4022773458;14.7581191629;14.2898928883;14.4603304175;484485830.12;8052234565.71;"2023-11-24T23:59:59.999Z"
"2023-11-23T00:00:00.000Z";"2023-11-23T23:59:59.999Z";"2023-11-23T17:20:00.000Z";"2023-11-23T16:02:00.000Z";"2781";14.2327280742;14.7894170041;14.1724132219;14.4020323444;587203128.63;8019771285.43;"2023-11-23T23:59:59.999Z"
"2023-11-22T00:00:00.000Z";"2023-11-22T23:59:59.999Z";"2023-11-22T21:13:00.000Z";"2023-11-22T00:02:00.000Z";"2781";13.5134374191;14.596334616;13.4068549163;14.2364081058;663443199.12;7927543433.05;"2023-11-22T23:59:59.999Z"
"2023-11-21T00:00:00.000Z";"2023-11-21T23:59:59.999Z";"2023-11-21T01:49:00.000Z";"2023-11-21T23:04:00.000Z";"2781";14.4674030722;14.6502615022;13.4245507045;13.5319187898;812724915.08;7535248578.26;"2023-11-21T23:59:59.999Z"
"2023-11-20T00:00:00.000Z";"2023-11-20T23:59:59.999Z";"2023-11-20T11:09:00.000Z";"2023-11-20T23:44:00.000Z";"2781";14.9389746057;15.3719839407;14.4265116253;14.4656225061;709689299.57;8055181465.11;"2023-11-20T23:59:59.999Z"
"2023-11-19T00:00:00.000Z";"2023-11-19T23:59:59.999Z";"2023-11-19T21:30:00.000Z";"2023-11-19T01:35:00.000Z";"2781";13.7493201716;15.0172912165;13.4290866998;14.9392765554;678152581.75;8318935708.48;"2023-11-19T23:59:59.999Z"
"2023-11-18T00:00:00.000Z";"2023-11-18T23:59:59.999Z";"2023-11-18T19:34:00.000Z";"2023-11-18T07:07:00.000Z";"2781";13.687938373;13.7847182077;13.0407261632;13.7482938643;473907572.39;7655737032.11;"2023-11-18T23:59:59.999Z"
"2023-11-17T00:00:00.000Z";"2023-11-17T23:59:59.999Z";"2023-11-17T02:08:00.000Z";"2023-11-17T16:08:00.000Z";"2781";13.8883937734;14.2382052846;12.9520985379;13.6843397529;751633447.88;7620124187.06;"2023-11-17T23:59:59.999Z"
"2023-11-16T00:00:00.000Z";"2023-11-16T23:59:59.999Z";"2023-11-16T07:47:00.000Z";"2023-11-16T19:37:00.000Z";"2781";15.0196179828;15.1706238411;13.6658949859;13.8880242691;885340023.79;7733545903.88;"2023-11-16T23:59:59.999Z"
"2023-11-15T00:00:00.000Z";"2023-11-15T23:59:59.999Z";"2023-11-15T20:31:00.000Z";"2023-11-15T00:00:00.000Z";"2781";13.9690759487;15.3121107715;13.9690759487;15.0174968946;791466904.93;8362492702.02;"2023-11-15T23:59:59.999Z"
"2023-11-14T00:00:00.000Z";"2023-11-14T23:59:59.999Z";"2023-11-14T09:01:00.000Z";"2023-11-14T18:56:00.000Z";"2781";14.4050272771;14.8870025304;13.5570368663;13.9680992873;969166361.4;7778135675.42;"2023-11-14T23:59:59.999Z"
"2023-11-13T00:00:00.000Z";"2023-11-13T23:59:59.999Z";"2023-11-13T01:31:00.000Z";"2023-11-13T23:46:00.000Z";"2781";16.0038447483;16.2564421407;14.3901865376;14.4078046006;860588316.75;8022985566.16;"2023-11-13T23:59:59.999Z"
"2023-11-12T00:00:00.000Z";"2023-11-12T23:59:59.999Z";"2023-11-12T00:03:00.000Z";"2023-11-12T00:51:00.000Z";"2781";16.4240898628;16.4614424506;15.5999238802;16.0010821595;869502681.99;8910202127.74;"2023-11-12T23:59:59.999Z"
"2023-11-11T00:00:00.000Z";"2023-11-11T23:59:59.999Z";"2023-11-11T21:13:00.000Z";"2023-11-11T04:33:00.000Z";"2781";15.508253688;16.5267319893;14.8122565811;16.4225106679;1161712113.73;9144874580.17;"2023-11-11T23:59:59.999Z"
"2023-11-10T00:00:00.000Z";"2023-11-10T23:59:59.999Z";"2023-11-10T23:46:00.000Z";"2023-11-10T06:29:00.000Z";"2781";14.6345497346;15.5917406039;14.2262941492;15.509591184;1143584462.14;8636515392.53;"2023-11-10T23:59:59.999Z"
"2023-11-09T00:00:00.000Z";"2023-11-09T23:59:59.999Z";"2023-11-09T14:50:00.000Z";"2023-11-09T20:43:00.000Z";"2781";14.9377238886;15.870617889;14.0685305485;14.6358774719;1596172472.87;8149987937.78;"2023-11-09T23:59:59.999Z"
"2023-11-08T00:00:00.000Z";"2023-11-08T23:59:59.999Z";"2023-11-08T23:59:00.000Z";"2023-11-08T00:40:00.000Z";"2781";13.0666958981;14.9378563709;12.9108882294;14.9378563709;1005098859.37;8318144878.75;"2023-11-08T23:59:59.999Z"
"2023-11-07T00:00:00.000Z";"2023-11-07T23:59:59.999Z";"2023-11-07T07:22:00.000Z";"2023-11-07T17:11:00.000Z";"2781";13.0056672379;13.2524891323;12.597951114;13.0682930362;870526793.24;7277078591.08;"2023-11-07T23:59:59.999Z"
"2023-11-06T00:00:00.000Z";"2023-11-06T23:59:59.999Z";"2023-11-06T23:06:00.000Z";"2023-11-06T03:19:00.000Z";"2781";12.2269313074;13.1972700356;12.1719206841;13.0092836694;757695241.66;7244219226.94;"2023-11-06T23:59:59.999Z"
"2023-11-05T00:00:00.000Z";"2023-11-05T23:59:59.999Z";"2023-11-05T04:20:00.000Z";"2023-11-05T00:32:00.000Z";"2781";11.497301881;12.4847919851;11.4016244597;12.2277023389;795814449.92;6808995686.12;"2023-11-05T23:59:59.999Z"
"2023-11-04T00:00:00.000Z";"2023-11-04T23:59:59.999Z";"2023-11-04T23:09:00.000Z";"2023-11-04T15:20:00.000Z";"2781";11.4839387463;11.6067569549;11.2152615074;11.4970355605;342056656.29;6402123912.14;"2023-11-04T23:59:59.999Z"
"2023-11-03T00:00:00.000Z";"2023-11-03T23:59:59.999Z";"2023-11-03T23:22:00.000Z";"2023-11-03T01:22:00.000Z";"2781";11.0049941782;11.5623725166;10.6370414974;11.4847729992;565613053.32;6395295505.28;"2023-11-03T23:59:59.999Z"
"2023-11-02T00:00:00.000Z";"2023-11-02T23:59:59.999Z";"2023-11-02T04:16:00.000Z";"2023-11-02T16:33:00.000Z";"2781";11.6254273813;11.7036943125;10.897159408;11.0045759858;566080358.9;6127897812.53;"2023-11-02T23:59:59.999Z"
"2023-11-01T00:00:00.000Z";"2023-11-01T23:59:59.999Z";"2023-11-01T22:34:00.000Z";"2023-11-01T14:58:00.000Z";"2781";11.3731884728;11.7156211633;10.7390751018;11.6240062496;733607053.25;6472827536.65;"2023-11-01T23:59:59.999Z"
"2023-10-31T00:00:00.000Z";"2023-10-31T23:59:59.999Z";"2023-10-31T06:19:00.000Z";"2023-10-31T15:19:00.000Z";"2781";11.2370177253;11.9232428516;11.0475306549;11.3750274948;812962667.07;6334183724.37;"2023-10-31T23:59:59.999Z"
"2023-10-30T00:00:00.000Z";"2023-10-30T23:59:59.999Z";"2023-10-30T13:26:00.000Z";"2023-10-30T06:13:00.000Z";"2781";11.1008711043;11.639038276;10.9343214723;11.2374698285;623788293.18;6257584741.96;"2023-10-30T23:59:59.999Z"
"2023-10-29T00:00:00.000Z";"2023-10-29T23:59:59.999Z";"2023-10-29T22:56:00.000Z";"2023-10-29T01:25:00.000Z";"2781";10.9258074273;11.2560471781;10.8130747842;11.1033448089;409439964.91;6182897228.75;"2023-10-29T23:59:59.999Z"
"2023-10-28T00:00:00.000Z";"2023-10-28T23:59:59.999Z";"2023-10-28T05:25:00.000Z";"2023-10-28T23:17:00.000Z";"2781";11.204375013;11.5946930556;10.8797680244;10.9253739447;561267314.52;6083794158.27;"2023-10-28T23:59:59.999Z"
"2023-10-27T00:00:00.000Z";"2023-10-27T23:59:59.999Z";"2023-10-27T12:53:00.000Z";"2023-10-27T02:05:00.000Z";"2781";10.929753997;11.3655326987;10.6635971482;11.2049409227;851123699.27;6239471021.73;"2023-10-27T23:59:59.999Z"
"2023-10-26T00:00:00.000Z";"2023-10-26T23:59:59.999Z";"2023-10-26T03:34:00.000Z";"2023-10-26T16:53:00.000Z";"2781";11.0265602994;11.3223370634;10.4468649736;10.929610795;753017604.39;6086153448.28;"2023-10-26T23:59:59.999Z"
"2023-10-25T00:00:00.000Z";"2023-10-25T23:59:59.999Z";"2023-10-25T15:50:00.000Z";"2023-10-25T00:16:00.000Z";"2781";10.3935372363;11.6101030705;10.3636566626;11.0266765592;1220132694.85;6140204516.19;"2023-10-25T23:59:59.999Z"
"2023-10-24T00:00:00.000Z";"2023-10-24T23:59:59.999Z";"2023-10-24T00:35:00.000Z";"2023-10-24T16:07:00.000Z";"2781";10.5457371211;11.0239636286;9.8414948712;10.3940320356;1070416054.81;5787916431.91;"2023-10-24T23:59:59.999Z"
"2023-10-23T00:00:00.000Z";"2023-10-23T23:59:59.999Z";"2023-10-23T04:43:00.000Z";"2023-10-23T13:34:00.000Z";"2781";10.3680675893;10.9056188579;9.8355163463;10.5461216468;1504664711.5;5872607527.39;"2023-10-23T23:59:59.999Z"
"2023-10-22T00:00:00.000Z";"2023-10-22T23:59:59.999Z";"2023-10-22T23:54:00.000Z";"2023-10-22T00:08:00.000Z";"2781";8.9046451134;10.1665323418;8.8742047082;10.1326841747;1068818174.22;5642384883.3;"2023-10-22T23:59:59.999Z"
"2023-10-21T00:00:00.000Z";"2023-10-21T23:59:59.999Z";"2023-10-21T17:47:00.000Z";"2023-10-21T03:14:00.000Z";"2781";7.5810302503;9.1253280294;7.5393757656;8.9038457433;802185949.98;4958106239.06;"2023-10-21T23:59:59.999Z"
"2023-10-20T00:00:00.000Z";"2023-10-20T23:59:59.999Z";"2023-10-20T10:25:00.000Z";"2023-10-20T01:17:00.000Z";"2781";7.3110130573;7.6865713751;7.2824612066;7.5812776787;216886149.28;4221634251.39;"2023-10-20T23:59:59.999Z"
"2023-10-19T00:00:00.000Z";"2023-10-19T23:59:59.999Z";"2023-10-19T15:12:00.000Z";"2023-10-19T02:44:00.000Z";"2781";7.3617130671;7.420115832;7.263081523;7.3109817418;143494390.02;4071119966.92;"2023-10-19T23:59:59.999Z"
"2023-10-18T00:00:00.000Z";"2023-10-18T23:59:59.999Z";"2023-10-18T12:34:00.000Z";"2023-10-18T02:19:00.000Z";"2781";7.332685041;7.4702813674;7.299076909;7.3619214053;150034959.58;4099485717.03;"2023-10-18T23:59:59.999Z"
"2023-10-17T00:00:00.000Z";"2023-10-17T23:59:59.999Z";"2023-10-17T00:08:00.000Z";"2023-10-17T19:00:00.000Z";"2781";7.5391261585;7.5505415099;7.2993356352;7.3328477873;164985669.07;4083296073.71;"2023-10-17T23:59:59.999Z"
"2023-10-16T00:00:00.000Z";"2023-10-16T23:59:59.999Z";"2023-10-16T13:33:00.000Z";"2023-10-16T00:00:00.000Z";"2781";7.422500764;7.7368993793;7.422500764;7.539671138;261897427.22;4198465650.43;"2023-10-16T23:59:59.999Z"
"2023-10-15T00:00:00.000Z";"2023-10-15T23:59:59.999Z";"2023-10-15T20:44:00.000Z";"2023-10-15T15:10:00.000Z";"2781";7.3229245298;7.5302362206;7.3018578166;7.4222499103;147073215.9;4133079643.25;"2023-10-15T23:59:59.999Z"
"2023-10-14T00:00:00.000Z";"2023-10-14T23:59:59.999Z";"2023-10-14T18:57:00.000Z";"2023-10-14T08:17:00.000Z";"2781";7.2596796304;7.3593210615;7.2261128555;7.3225721052;96862814.6;4077574060.4;"2023-10-14T23:59:59.999Z"
"2023-10-13T00:00:00.000Z";"2023-10-13T23:59:59.999Z";"2023-10-13T21:10:00.000Z";"2023-10-13T03:55:00.000Z";"2781";7.2010728258;7.366613291;7.1332063399;7.2595164556;196017222.62;4042461523.8;"2023-10-13T23:59:59.999Z"
"2023-10-12T00:00:00.000Z";"2023-10-12T23:59:59.999Z";"2023-10-12T00:10:00.000Z";"2023-10-12T17:37:00.000Z";"2781";7.3929628781;7.4030886452;7.1297690373;7.2010815702;181954738.02;4009922059.61;"2023-10-12T23:59:59.999Z"
"2023-10-11T00:00:00.000Z";"2023-10-11T23:59:59.999Z";"2023-10-11T22:46:00.000Z";"2023-10-11T02:40:00.000Z";"2781";7.266534082;7.4133924236;7.1723185051;7.3931078688;205922749.7;4116851898.29;"2023-10-11T23:59:59.999Z"
"2023-10-10T00:00:00.000Z";"2023-10-10T23:59:59.999Z";"2023-10-10T08:25:00.000Z";"2023-10-10T20:49:00.000Z";"2781";7.2832326507;7.3694049256;7.1981623399;7.2666004895;178412539.54;4046406267.87;"2023-10-10T23:59:59.999Z"
"2023-10-09T00:00:00.000Z";"2023-10-09T23:59:59.999Z";"2023-10-09T00:00:00.000Z";"2023-10-09T16:47:00.000Z";"2781";7.6936622299;7.6936622299;7.2178016297;7.2832747901;259756652.24;4055691351.69;"2023-10-09T23:59:59.999Z"
"2023-10-08T00:00:00.000Z";"2023-10-08T23:59:59.999Z";"2023-10-08T21:14:00.000Z";"2023-10-08T01:32:00.000Z";"2781";7.5331361972;7.8948265325;7.5212551886;7.6934996644;236631639.82;4284125060.82;"2023-10-08T23:59:59.999Z"
"2023-10-07T00:00:00.000Z";"2023-10-07T23:59:59.999Z";"2023-10-07T00:47:00.000Z";"2023-10-07T19:22:00.000Z";"2781";7.6520103164;7.674979275;7.4947840772;7.5328122903;139264475.68;4194646301.26;"2023-10-07T23:59:59.999Z"
"2023-10-06T00:00:00.000Z";"2023-10-06T23:59:59.999Z";"2023-10-06T21:41:00.000Z";"2023-10-06T13:02:00.000Z";"2781";7.4745087401;7.7370177354;7.4703125068;7.6520223289;172180523.59;4261028407.75;"2023-10-06T23:59:59.999Z"
"2023-10-05T00:00:00.000Z";"2023-10-05T23:59:59.999Z";"2023-10-05T09:20:00.000Z";"2023-10-05T23:59:00.000Z";"2781";7.6796062488;7.7675758161;7.4746905497;7.4746905497;201986078.73;4162281211.74;"2023-10-05T23:59:59.999Z"
"2023-10-04T00:00:00.000Z";"2023-10-04T23:59:59.999Z";"2023-10-04T17:18:00.000Z";"2023-10-04T00:43:00.000Z";"2781";7.4195311629;7.7414618994;7.2786725466;7.6793288611;297567464.24;4276234049.4;"2023-10-04T23:59:59.999Z"
"2023-10-03T00:00:00.000Z";"2023-10-03T23:59:59.999Z";"2023-10-03T07:13:00.000Z";"2023-10-03T22:54:00.000Z";"2781";7.4709725808;7.7110985592;7.3919432794;7.4192291383;283659403.41;4131397526.43;"2023-10-03T23:59:59.999Z"
"2023-10-02T00:00:00.000Z";"2023-10-02T23:59:59.999Z";"2023-10-02T07:09:00.000Z";"2023-10-02T21:49:00.000Z";"2781";8.046418729;8.0773477774;7.4148104905;7.4714632561;368441675.25;4160484093.39;"2023-10-02T23:59:59.999Z"
"2023-10-01T00:00:00.000Z";"2023-10-01T23:59:59.999Z";"2023-10-01T01:01:00.000Z";"2023-10-01T20:50:00.000Z";"2781";8.1809461227;8.236618441;7.8067151504;8.0470978959;292177704.12;4481026225.56;"2023-10-01T23:59:59.999Z"
"2023-09-30T00:00:00.000Z";"2023-09-30T23:59:59.999Z";"2023-09-30T11:28:00.000Z";"2023-09-30T01:45:00.000Z";"2781";7.954435453;8.2465416195;7.9510236017;8.1809920232;267527894.24;4555585166.37;"2023-09-30T23:59:59.999Z"
"2023-09-29T00:00:00.000Z";"2023-09-29T23:59:59.999Z";"2023-09-29T20:07:00.000Z";"2023-09-29T12:32:00.000Z";"2781";7.8223955684;8.0442100982;7.6938870601;7.9545632712;238679057.98;4429498322.55;"2023-09-29T23:59:59.999Z"
"2023-09-28T00:00:00.000Z";"2023-09-28T23:59:59.999Z";"2023-09-28T19:40:00.000Z";"2023-09-28T05:11:00.000Z";"2781";7.6420667265;7.9992685522;7.5870736928;7.8226629876;339484086.43;4356049653.48;"2023-09-28T23:59:59.999Z"
"2023-09-27T00:00:00.000Z";"2023-09-27T23:59:59.999Z";"2023-09-27T12:38:00.000Z";"2023-09-27T02:08:00.000Z";"2781";7.3634962892;7.8234172459;7.2860834946;7.6422514555;364494377.53;4255587497.22;"2023-09-27T23:59:59.999Z"
"2023-09-26T00:00:00.000Z";"2023-09-26T23:59:59.999Z";"2023-09-26T03:07:00.000Z";"2023-09-26T19:08:00.000Z";"2781";7.4845701221;7.5490490924;7.2631058037;7.3639389604;210855209.16;4100609192.5;"2023-09-26T23:59:59.999Z"
"2023-09-25T00:00:00.000Z";"2023-09-25T23:59:59.999Z";"2023-09-25T18:22:00.000Z";"2023-09-25T00:25:00.000Z";"2781";6.9887045872;7.4953516349;6.9539806601;7.4848971197;262742574.63;4167964739.97;"2023-09-25T23:59:59.999Z"
"2023-09-24T00:00:00.000Z";"2023-09-24T23:59:59.999Z";"2023-09-24T02:25:00.000Z";"2023-09-24T23:53:00.000Z";"2781";7.1929730218;7.2361721615;6.9818411202;6.9894846719;166551129.6;3892094333.02;"2023-09-24T23:59:59.999Z"
"2023-09-23T00:00:00.000Z";"2023-09-23T23:59:59.999Z";"2023-09-23T22:26:00.000Z";"2023-09-23T16:12:00.000Z";"2781";6.9398099724;7.211606469;6.9379776955;7.1928229579;262777665.25;4005323251.57;"2023-09-23T23:59:59.999Z"
"2023-09-22T00:00:00.000Z";"2023-09-22T23:59:59.999Z";"2023-09-22T23:10:00.000Z";"2023-09-22T00:29:00.000Z";"2781";6.6796795478;6.9535115895;6.6348622609;6.939219755;165417231.78;3864104315.53;"2023-09-22T23:59:59.999Z"
"2023-09-21T00:00:00.000Z";"2023-09-21T23:59:59.999Z";"2023-09-21T00:49:00.000Z";"2023-09-21T13:46:00.000Z";"2781";6.9107778882;6.9261348835;6.6338693065;6.681999684;185760115.87;3720871326.58;"2023-09-21T23:59:59.999Z"
"2023-09-20T00:00:00.000Z";"2023-09-20T23:59:59.999Z";"2023-09-20T18:37:00.000Z";"2023-09-20T12:44:00.000Z";"2781";6.862042876;7.0086708688;6.7650992469;6.9109421027;219394012.66;3848357905.69;"2023-09-20T23:59:59.999Z"
"2023-09-19T00:00:00.000Z";"2023-09-19T23:59:59.999Z";"2023-09-19T23:19:00.000Z";"2023-09-19T00:51:00.000Z";"2781";6.5658415424;6.9320141091;6.5429524372;6.8630134732;246297612.35;3821668849.8;"2023-09-19T23:59:59.999Z"
"2023-09-18T00:00:00.000Z";"2023-09-18T23:59:59.999Z";"2023-09-18T14:58:00.000Z";"2023-09-18T00:42:00.000Z";"2781";6.1438763607;6.8033621349;6.1222472238;6.5657549776;344933503.72;3656140465.3;"2023-09-18T23:59:59.999Z"
"2023-09-17T00:00:00.000Z";"2023-09-17T23:59:59.999Z";"2023-09-17T00:00:00.000Z";"2023-09-17T20:59:00.000Z";"2781";6.2831015242;6.2831015242;6.092554284;6.1435825347;91847801.87;3421053752.92;"2023-09-17T23:59:59.999Z"
"2023-09-16T00:00:00.000Z";"2023-09-16T23:59:59.999Z";"2023-09-16T02:23:00.000Z";"2023-09-16T19:49:00.000Z";"2781";6.3620594372;6.4063628486;6.2027131023;6.2834123641;104260909.37;3498917989.28;"2023-09-16T23:59:59.999Z"
"2023-09-15T00:00:00.000Z";"2023-09-15T23:59:59.999Z";"2023-09-15T23:58:00.000Z";"2023-09-15T12:01:00.000Z";"2781";6.1534514563;6.3635735553;6.1130730781;6.3622007676;122671585.55;3423500045.09;"2023-09-15T23:59:59.999Z"
"2023-09-14T00:00:00.000Z";"2023-09-14T23:59:59.999Z";"2023-09-14T22:46:00.000Z";"2023-09-14T05:48:00.000Z";"2781";6.0217993636;6.2038097257;6.0179946565;6.1535032808;135392361.58;3311199933.56;"2023-09-14T23:59:59.999Z"
"2023-09-13T00:00:00.000Z";"2023-09-13T23:59:59.999Z";"2023-09-13T07:40:00.000Z";"2023-09-13T05:50:00.000Z";"2781";5.9596523282;6.0479711519;5.9384762801;6.0218142391;136798403.29;3240338064.14;"2023-09-13T23:59:59.999Z"
"2023-09-12T00:00:00.000Z";"2023-09-12T23:59:59.999Z";"2023-09-12T10:26:00.000Z";"2023-09-12T01:41:00.000Z";"2781";5.8237663001;6.0377017893;5.8164565904;5.9593887;145302160.99;3206746883.38;"2023-09-12T23:59:59.999Z"
"2023-09-11T00:00:00.000Z";"2023-09-11T23:59:59.999Z";"2023-09-11T00:23:00.000Z";"2023-09-11T19:40:00.000Z";"2781";6.0177279742;6.0264237164;5.7602148985;5.8237679441;170606718.25;3133769358.67;"2023-09-11T23:59:59.999Z"
"2023-09-10T00:00:00.000Z";"2023-09-10T23:59:59.999Z";"2023-09-10T00:02:00.000Z";"2023-09-10T16:52:00.000Z";"2781";6.1674576384;6.1680234695;5.98466069;6.0177139868;133943336.02;3238131718.47;"2023-09-10T23:59:59.999Z"
"2023-09-09T00:00:00.000Z";"2023-09-09T23:59:59.999Z";"2023-09-09T03:08:00.000Z";"2023-09-09T20:49:00.000Z";"2781";6.2770408436;6.2816073096;6.1667389607;6.167316338;72841579.49;3318632739.27;"2023-09-09T23:59:59.999Z"
"2023-09-08T00:00:00.000Z";"2023-09-08T23:59:59.999Z";"2023-09-08T01:02:00.000Z";"2023-09-08T10:11:00.000Z";"2781";6.3843621056;6.3889065766;6.1888798566;6.2771051704;112409150.65;3377710106.73;"2023-09-08T23:59:59.999Z"
"2023-09-07T00:00:00.000Z";"2023-09-07T23:59:59.999Z";"2023-09-07T21:22:00.000Z";"2023-09-07T12:56:00.000Z";"2781";6.2936982348;6.446146909;6.2114891935;6.384525353;151084672.42;3435512903.81;"2023-09-07T23:59:59.999Z"
"2023-09-06T00:00:00.000Z";"2023-09-06T23:59:59.999Z";"2023-09-06T18:04:00.000Z";"2023-09-06T13:23:00.000Z";"2781";6.135210358;6.309279477;6.1160043747;6.2937791676;189270155.34;3386682384.1;"2023-09-06T23:59:59.999Z"
"2023-09-05T00:00:00.000Z";"2023-09-05T23:59:59.999Z";"2023-09-05T23:20:00.000Z";"2023-09-05T03:24:00.000Z";"2781";6.0112546114;6.1441294135;5.927571888;6.1351295736;130728240.61;3301313042.29;"2023-09-05T23:59:59.999Z"
"2023-09-04T00:00:00.000Z";"2023-09-04T23:59:59.999Z";"2023-09-04T09:24:00.000Z";"2023-09-04T22:02:00.000Z";"2781";6.0251917162;6.14378993;5.9637818294;6.0111535287;134425664.69;3234601536.17;"2023-09-04T23:59:59.999Z"
"2023-09-03T00:00:00.000Z";"2023-09-03T23:59:59.999Z";"2023-09-03T12:51:00.000Z";"2023-09-03T00:55:00.000Z";"2781";5.9672408775;6.0519434694;5.9536560282;6.0250872683;103897670.14;3242099281.05;"2023-09-03T23:59:59.999Z"
"2023-09-02T00:00:00.000Z";"2023-09-02T23:59:59.999Z";"2023-09-02T15:28:00.000Z";"2023-09-02T18:32:00.000Z";"2781";5.933975733;5.9887254656;5.9076828718;5.9668792478;90715241.73;3210777546.95;"2023-09-02T23:59:59.999Z"
"2023-09-01T00:00:00.000Z";"2023-09-01T23:59:59.999Z";"2023-09-01T10:01:00.000Z";"2023-09-01T17:43:00.000Z";"2781";5.8753085839;6.0228869015;5.8394638765;5.9337494125;175504948.51;3192950383.53;"2023-09-01T23:59:59.999Z"
"2023-08-31T00:00:00.000Z";"2023-08-31T23:59:59.999Z";"2023-08-31T11:49:00.000Z";"2023-08-31T21:10:00.000Z";"2781";5.9374912897;6.0516330129;5.7987024145;5.8754968484;184716326.05;3161604680.54;"2023-08-31T23:59:59.999Z"
"2023-08-30T00:00:00.000Z";"2023-08-30T23:59:59.999Z";"2023-08-30T00:04:00.000Z";"2023-08-30T15:07:00.000Z";"2781";6.192354411;6.1968918842;5.9129360993;5.9375873612;145867706.44;3195015583.65;"2023-08-30T23:59:59.999Z"
"2023-08-29T00:00:00.000Z";"2023-08-29T23:59:59.999Z";"2023-08-29T14:47:00.000Z";"2023-08-29T10:40:00.000Z";"2781";5.978768156;6.2892597163;5.8597853447;6.1923542327;228799175.5;3332105629.66;"2023-08-29T23:59:59.999Z"
"2023-08-28T00:00:00.000Z";"2023-08-28T23:59:59.999Z";"2023-08-28T00:02:00.000Z";"2023-08-28T09:23:00.000Z";"2781";6.0234336703;6.023978969;5.8942198385;5.9788568162;146306006.18;3217222676.14;"2023-08-28T23:59:59.999Z"
"2023-08-27T00:00:00.000Z";"2023-08-27T23:59:59.999Z";"2023-08-27T17:04:00.000Z";"2023-08-27T03:19:00.000Z";"2781";6.0030018097;6.0359925886;5.9645560128;6.0235077748;88471317.11;3241249355.66;"2023-08-27T23:59:59.999Z"
"2023-08-26T00:00:00.000Z";"2023-08-26T23:59:59.999Z";"2023-08-26T04:59:00.000Z";"2023-08-26T17:29:00.000Z";"2781";6.0078417853;6.0333363447;5.9660247384;6.0028899755;99248480.17;3230154918.47;"2023-08-26T23:59:59.999Z"
"2023-08-25T00:00:00.000Z";"2023-08-25T23:59:59.999Z";"2023-08-25T00:03:00.000Z";"2023-08-25T14:58:00.000Z";"2781";6.0781706048;6.0817709132;5.9323088344;6.0074211139;161052214.6;3232593123.9;"2023-08-25T23:59:59.999Z"
"2023-08-24T00:00:00.000Z";"2023-08-24T23:59:59.999Z";"2023-08-24T00:12:00.000Z";"2023-08-24T20:58:00.000Z";"2781";6.3458424692;6.3602949538;6.0168166434;6.0778505336;161660398.58;3270491192.58;"2023-08-24T23:59:59.999Z"
"2023-08-23T00:00:00.000Z";"2023-08-23T23:59:59.999Z";"2023-08-23T17:18:00.000Z";"2023-08-23T00:00:00.000Z";"2781";6.1085868769;6.4207496718;6.1085868769;6.3456887525;195705370.67;3414614930.25;"2023-08-23T23:59:59.999Z"
"2023-08-22T00:00:00.000Z";"2023-08-22T23:59:59.999Z";"2023-08-22T12:46:00.000Z";"2023-08-22T21:29:00.000Z";"2781";6.1794560535;6.2388862914;5.9583806935;6.1082731541;202497001.1;3286861603.72;"2023-08-22T23:59:59.999Z"
"2023-08-21T00:00:00.000Z";"2023-08-21T23:59:59.999Z";"2023-08-21T02:18:00.000Z";"2023-08-21T15:31:00.000Z";"2781";6.2162601633;6.2430030047;6.0877803315;6.1790460157;184724505.81;3324944478.47;"2023-08-21T23:59:59.999Z"
"2023-08-20T00:00:00.000Z";"2023-08-20T23:59:59.999Z";"2023-08-20T20:47:00.000Z";"2023-08-20T06:28:00.000Z";"2781";6.1730634349;6.2276690076;6.1293950787;6.2160612845;114581310.66;3344862393.55;"2023-08-20T23:59:59.999Z"
"2023-08-19T00:00:00.000Z";"2023-08-19T23:59:59.999Z";"2023-08-19T17:01:00.000Z";"2023-08-19T20:49:00.000Z";"2781";6.1713577163;6.2549042571;6.1332360482;6.1727258027;144297323.74;3321543572.06;"2023-08-19T23:59:59.999Z"
"2023-08-18T00:00:00.000Z";"2023-08-18T23:59:59.999Z";"2023-08-18T06:43:00.000Z";"2023-08-18T17:26:00.000Z";"2781";6.2100717263;6.2696682478;6.1008805839;6.1708282399;253807909.36;3320522493.54;"2023-08-18T23:59:59.999Z"
"2023-08-17T00:00:00.000Z";"2023-08-17T23:59:59.999Z";"2023-08-17T06:02:00.000Z";"2023-08-17T21:47:00.000Z";"2781";6.7539222853;6.8528847138;5.8945498535;6.209252787;430830556.58;3341198741.2;"2023-08-17T23:59:59.999Z"
"2023-08-16T00:00:00.000Z";"2023-08-16T23:59:59.999Z";"2023-08-16T00:22:00.000Z";"2023-08-16T21:16:00.000Z";"2781";7.0393676489;7.0577716442;6.6555124488;6.7536791929;269877959.38;3634154574.13;"2023-08-16T23:59:59.999Z"
"2023-08-15T00:00:00.000Z";"2023-08-15T23:59:59.999Z";"2023-08-15T01:11:00.000Z";"2023-08-15T19:13:00.000Z";"2781";7.4145475035;7.418262227;6.9679701789;7.0392254345;269056737.33;3787806998.29;"2023-08-15T23:59:59.999Z"
"2023-08-14T00:00:00.000Z";"2023-08-14T23:59:59.999Z";"2023-08-14T15:49:00.000Z";"2023-08-14T02:23:00.000Z";"2781";7.3689582074;7.6018994494;7.3238400407;7.4146382442;211644081.76;3989816620.1;"2023-08-14T23:59:59.999Z"
"2023-08-13T00:00:00.000Z";"2023-08-13T23:59:59.999Z";"2023-08-13T20:05:00.000Z";"2023-08-13T22:59:00.000Z";"2781";7.4398678441;7.5418008336;7.3393252224;7.3692625969;149615459.95;3965399985.68;"2023-08-13T23:59:59.999Z"
"2023-08-12T00:00:00.000Z";"2023-08-12T23:59:59.999Z";"2023-08-12T01:52:00.000Z";"2023-08-12T19:59:00.000Z";"2781";7.4852967368;7.5235744368;7.3962528326;7.4399077319;114131084.87;4003414130.69;"2023-08-12T23:59:59.999Z"
"2023-08-11T00:00:00.000Z";"2023-08-11T23:59:59.999Z";"2023-08-11T00:31:00.000Z";"2023-08-11T19:20:00.000Z";"2781";7.6083689091;7.6268488645;7.4121134924;7.4849841216;137822791.79;4027669734.65;"2023-08-11T23:59:59.999Z"
"2023-08-10T00:00:00.000Z";"2023-08-10T23:59:59.999Z";"2023-08-10T14:04:00.000Z";"2023-08-10T20:53:00.000Z";"2781";7.6936542979;7.7054165635;7.5681574795;7.6083773703;207600389.36;4094067638.16;"2023-08-10T23:59:59.999Z"
"2023-08-09T00:00:00.000Z";"2023-08-09T23:59:59.999Z";"2023-08-09T12:53:00.000Z";"2023-08-09T03:40:00.000Z";"2781";7.4506591299;7.8627156438;7.3869164919;7.6947128705;630088444.26;4140524768.27;"2023-08-09T23:59:59.999Z"
"2023-08-08T00:00:00.000Z";"2023-08-08T23:59:59.999Z";"2023-08-08T21:53:00.000Z";"2023-08-08T00:15:00.000Z";"2781";7.297015572;7.5031088517;7.2955838434;7.450203524;261043379.14;4008954296.15;"2023-08-08T23:59:59.999Z"
"2023-08-07T00:00:00.000Z";"2023-08-07T23:59:59.999Z";"2023-08-07T23:09:00.000Z";"2023-08-07T16:19:00.000Z";"2781";7.1016411383;7.3493804007;6.9973041685;7.2967301911;221515031.99;3926370300.26;"2023-08-07T23:59:59.999Z"
"2023-08-06T00:00:00.000Z";"2023-08-06T23:59:59.999Z";"2023-08-06T02:31:00.000Z";"2023-08-06T19:44:00.000Z";"2781";7.2201131841;7.2521736631;7.0846935362;7.1017943527;132458988.53;3821475331.35;"2023-08-06T23:59:59.999Z"
"2023-08-05T00:00:00.000Z";"2023-08-05T23:59:59.999Z";"2023-08-05T10:09:00.000Z";"2023-08-05T02:31:00.000Z";"2781";7.1326563105;7.2257057194;7.1020117462;7.2203186318;131374586.57;3885253242.46;"2023-08-05T23:59:59.999Z"
"2023-08-04T00:00:00.000Z";"2023-08-04T23:59:59.999Z";"2023-08-04T17:18:00.000Z";"2023-08-04T20:52:00.000Z";"2781";7.1255023803;7.2399103033;7.0370349872;7.132810427;195205921.66;3838165080.02;"2023-08-04T23:59:59.999Z"
"2023-08-03T00:00:00.000Z";"2023-08-03T23:59:59.999Z";"2023-08-03T02:04:00.000Z";"2023-08-03T22:31:00.000Z";"2781";7.3493567981;7.3934514512;7.1129168406;7.1258890839;211917322.14;3834440705.53;"2023-08-03T23:59:59.999Z"
"2023-08-02T00:00:00.000Z";"2023-08-02T23:59:59.999Z";"2023-08-02T01:56:00.000Z";"2023-08-02T23:55:00.000Z";"2781";7.6271119004;7.6975265955;7.3473224954;7.3490176797;256118823.87;3954506196.29;"2023-08-02T23:59:59.999Z"
"2023-08-01T00:00:00.000Z";"2023-08-01T23:59:59.999Z";"2023-08-01T23:59:00.000Z";"2023-08-01T05:02:00.000Z";"2781";7.5442604462;7.6280176382;7.3587861691;7.6280176382;232268252.08;4104636065.73;"2023-08-01T23:59:59.999Z"
"2023-07-31T00:00:00.000Z";"2023-07-31T23:59:59.999Z";"2023-07-31T01:02:00.000Z";"2023-07-31T20:08:00.000Z";"2781";7.5561883488;7.6827604183;7.470114195;7.5446780391;207369511.36;4059791029.93;"2023-07-31T23:59:59.999Z"
"2023-07-30T00:00:00.000Z";"2023-07-30T23:59:59.999Z";"2023-07-30T02:48:00.000Z";"2023-07-30T20:15:00.000Z";"2781";7.8520081985;7.8536502216;7.4509228283;7.5561703263;191427934.42;4065975029.33;"2023-07-30T23:59:59.999Z"
"2023-07-29T00:00:00.000Z";"2023-07-29T23:59:59.999Z";"2023-07-29T21:46:00.000Z";"2023-07-29T16:49:00.000Z";"2781";7.8011637288;7.8748524036;7.7393820837;7.8521221923;139851311.21;4225226719.67;"2023-07-29T23:59:59.999Z"
"2023-07-28T00:00:00.000Z";"2023-07-28T23:59:59.999Z";"2023-07-28T00:52:00.000Z";"2023-07-28T23:53:00.000Z";"2781";7.9884250415;8.0606018575;7.8010504308;7.8017676599;202440235.04;4198130947.29;"2023-07-28T23:59:59.999Z"
"2023-07-27T00:00:00.000Z";"2023-07-27T23:59:59.999Z";"2023-07-27T14:02:00.000Z";"2023-07-27T00:14:00.000Z";"2781";7.7524116839;8.0784258797;7.7113038977;7.988919057;358551804.7;4298837108.52;"2023-07-27T23:59:59.999Z"
"2023-07-26T00:00:00.000Z";"2023-07-26T23:59:59.999Z";"2023-07-26T20:21:00.000Z";"2023-07-26T01:38:00.000Z";"2781";7.4028881389;7.815949829;7.3120845162;7.7533733936;344200685.09;4172089994.02;"2023-07-26T23:59:59.999Z"
"2023-07-25T00:00:00.000Z";"2023-07-25T23:59:59.999Z";"2023-07-25T03:10:00.000Z";"2023-07-25T17:14:00.000Z";"2781";7.5910400759;7.6334943553;7.3782649078;7.402596356;211171478.19;3983336880.46;"2023-07-25T23:59:59.999Z"
"2023-07-24T00:00:00.000Z";"2023-07-24T23:59:59.999Z";"2023-07-24T00:00:00.000Z";"2023-07-24T18:07:00.000Z";"2781";7.8952496392;7.8952496392;7.5300296368;7.5909839356;318734106.44;4084708231.45;"2023-07-24T23:59:59.999Z"
"2023-07-23T00:00:00.000Z";"2023-07-23T23:59:59.999Z";"2023-07-23T19:11:00.000Z";"2023-07-23T00:53:00.000Z";"2781";7.870645875;8.0620423577;7.848306114;7.8957398045;226085147.71;4248697355.52;"2023-07-23T23:59:59.999Z"
"2023-07-22T00:00:00.000Z";"2023-07-22T23:59:59.999Z";"2023-07-22T08:46:00.000Z";"2023-07-22T23:35:00.000Z";"2781";8.1411761058;8.2501906652;7.8420108054;7.8690268683;393677562.83;4234323125.31;"2023-07-22T23:59:59.999Z"
"2023-07-21T00:00:00.000Z";"2023-07-21T23:59:59.999Z";"2023-07-21T02:16:00.000Z";"2023-07-21T09:07:00.000Z";"2781";8.3420308074;8.3825160078;8.0816215476;8.1424714591;590804403;4381463651.56;"2023-07-21T23:59:59.999Z"
"2023-07-20T00:00:00.000Z";"2023-07-20T23:59:59.999Z";"2023-07-20T23:59:00.000Z";"2023-07-20T13:19:00.000Z";"2781";6.9177960746;8.3429023909;6.796351256;8.3429023909;1340159905.89;4489315530.03;"2023-07-20T23:59:59.999Z"
"2023-07-19T00:00:00.000Z";"2023-07-19T23:59:59.999Z";"2023-07-19T19:57:00.000Z";"2023-07-19T13:19:00.000Z";"2781";6.922606421;7.0343887197;6.796351256;6.9178848118;244366331.2;3722513612.81;"2023-07-19T23:59:59.999Z"
"2023-07-18T00:00:00.000Z";"2023-07-18T23:59:59.999Z";"2023-07-18T01:22:00.000Z";"2023-07-18T17:31:00.000Z";"2781";7.1914141994;7.2856223452;6.8587627593;6.9231202839;415484020.15;3725330820.22;"2023-07-18T23:59:59.999Z"
"2023-07-17T00:00:00.000Z";"2023-07-17T23:59:59.999Z";"2023-07-17T23:17:00.000Z";"2023-07-17T10:43:00.000Z";"2781";6.6160437974;7.2302679843;6.5273149314;7.191558178;426365380.72;3869777243.09;"2023-07-17T23:59:59.999Z"
"2023-07-16T00:00:00.000Z";"2023-07-16T23:59:59.999Z";"2023-07-16T00:16:00.000Z";"2023-07-16T23:38:00.000Z";"2781";6.9158808085;6.9186476809;6.6085493266;6.616025376;165245026.21;3560083059.33;"2023-07-16T23:59:59.999Z"
"2023-07-15T00:00:00.000Z";"2023-07-15T23:59:59.999Z";"2023-07-15T10:23:00.000Z";"2023-07-15T03:31:00.000Z";"2781";6.9462061922;7.0121411913;6.8522733189;6.915661234;160863023.48;3721317105.7;"2023-07-15T23:59:59.999Z"
"2023-07-14T00:00:00.000Z";"2023-07-14T23:59:59.999Z";"2023-07-14T02:52:00.000Z";"2023-07-14T19:07:00.000Z";"2781";7.0915199966;7.3075018577;6.7354413489;6.9449360264;397701800.56;3737069870.62;"2023-07-14T23:59:59.999Z"
"2023-07-13T00:00:00.000Z";"2023-07-13T23:59:59.999Z";"2023-07-13T23:59:00.000Z";"2023-07-13T01:40:00.000Z";"2781";6.2490836514;7.0922535382;6.2259278694;7.0922535382;348983523.64;3816341419.33;"2023-07-13T23:59:59.999Z"
"2023-07-12T00:00:00.000Z";"2023-07-12T23:59:59.999Z";"2023-07-12T18:54:00.000Z";"2023-07-12T00:00:00.000Z";"2781";6.20402326;6.3261978424;6.20402326;6.2490741809;127951074.55;3362626632.13;"2023-07-12T23:59:59.999Z"
"2023-07-11T00:00:00.000Z";"2023-07-11T23:59:59.999Z";"2023-07-11T07:12:00.000Z";"2023-07-11T00:52:00.000Z";"2781";6.1686665549;6.2280001172;6.1408716121;6.204079532;87991355.99;3338415012.84;"2023-07-11T23:59:59.999Z"
"2023-07-10T00:00:00.000Z";"2023-07-10T23:59:59.999Z";"2023-07-10T20:09:00.000Z";"2023-07-10T00:28:00.000Z";"2781";6.1486350898;6.2834381777;6.0503559463;6.1684871667;141129350.19;3319262762.16;"2023-07-10T23:59:59.999Z"
"2023-07-09T00:00:00.000Z";"2023-07-09T23:59:59.999Z";"2023-07-09T01:14:00.000Z";"2023-07-09T22:15:00.000Z";"2781";6.1936303929;6.2345243024;6.1358641366;6.1487820709;91096689.54;3308659450.68;"2023-07-09T23:59:59.999Z"
"2023-07-08T00:00:00.000Z";"2023-07-08T23:59:59.999Z";"2023-07-08T09:19:00.000Z";"2023-07-08T20:22:00.000Z";"2781";6.154235246;6.2095855312;6.1092610284;6.1936563351;100745386.68;3332806290.92;"2023-07-08T23:59:59.999Z"
"2023-07-07T00:00:00.000Z";"2023-07-07T23:59:59.999Z";"2023-07-07T16:40:00.000Z";"2023-07-07T00:04:00.000Z";"2781";6.0925783128;6.212542169;6.0533904425;6.1541378889;135071054.41;3311541416.18;"2023-07-07T23:59:59.999Z"
"2023-07-06T00:00:00.000Z";"2023-07-06T23:59:59.999Z";"2023-07-06T09:22:00.000Z";"2023-07-06T23:59:00.000Z";"2781";6.3047721311;6.4954408852;6.091969952;6.091969952;202108838.48;3278088851.16;"2023-07-06T23:59:59.999Z"
"2023-07-05T00:00:00.000Z";"2023-07-05T23:59:59.999Z";"2023-07-05T03:05:00.000Z";"2023-07-05T15:43:00.000Z";"2781";6.5265165729;6.5607037116;6.2406096154;6.304578514;188222944.17;3392493512.11;"2023-07-05T23:59:59.999Z"
"2023-07-04T00:00:00.000Z";"2023-07-04T23:59:59.999Z";"2023-07-04T00:01:00.000Z";"2023-07-04T19:34:00.000Z";"2781";6.6203165127;6.6228886374;6.428554702;6.5262242163;166595460.75;3511761057.97;"2023-07-04T23:59:59.999Z"
"2023-07-03T00:00:00.000Z";"2023-07-03T23:59:59.999Z";"2023-07-03T19:34:00.000Z";"2023-07-03T01:02:00.000Z";"2781";6.5304554838;6.6771395275;6.4875603148;6.620472338;203177968.18;3562475969.46;"2023-07-03T23:59:59.999Z"
"2023-07-02T00:00:00.000Z";"2023-07-02T23:59:59.999Z";"2023-07-02T22:42:00.000Z";"2023-07-02T18:05:00.000Z";"2781";6.4978006414;6.5428208552;6.3755411642;6.5304238148;237259539.74;3514020861.81;"2023-07-02T23:59:59.999Z"
"2023-07-01T00:00:00.000Z";"2023-07-01T23:59:59.999Z";"2023-07-01T23:40:00.000Z";"2023-07-01T04:35:00.000Z";"2781";6.3085716792;6.5070813583;6.1584520316;6.4975985919;256361612.55;3496357610.34;"2023-07-01T23:59:59.999Z"
"2023-06-30T00:00:00.000Z";"2023-06-30T23:59:59.999Z";"2023-06-30T17:54:00.000Z";"2023-06-30T13:49:00.000Z";"2781";5.9004308669;6.4165564923;5.8667590628;6.3084540831;393934018.08;3394578955.74;"2023-06-30T23:59:59.999Z"
"2023-06-29T00:00:00.000Z";"2023-06-29T23:59:59.999Z";"2023-06-29T12:20:00.000Z";"2023-06-29T03:07:00.000Z";"2781";5.8217431227;6.1440457169;5.8035219142;5.9014790264;196418757.92;3175585689.75;"2023-06-29T23:59:59.999Z"
"2023-06-28T00:00:00.000Z";"2023-06-28T23:59:59.999Z";"2023-06-28T00:01:00.000Z";"2023-06-28T19:46:00.000Z";"2781";6.1990948647;6.1991915007;5.7893710442;5.8215801964;198238756.96;3132592131.67;"2023-06-28T23:59:59.999Z"
"2023-06-27T00:00:00.000Z";"2023-06-27T23:59:59.999Z";"2023-06-27T12:48:00.000Z";"2023-06-27T00:12:00.000Z";"2781";6.0662993695;6.2429624263;6.0569192333;6.1988400191;172477998.38;3335595631.12;"2023-06-27T23:59:59.999Z"
"2023-06-26T00:00:00.000Z";"2023-06-26T23:59:59.999Z";"2023-06-26T14:01:00.000Z";"2023-06-26T22:04:00.000Z";"2781";6.1504555499;6.2414813685;6.036484827;6.0669205584;188779621.68;3264609773.2;"2023-06-26T23:59:59.999Z"
"2023-06-25T00:00:00.000Z";"2023-06-25T23:59:59.999Z";"2023-06-25T10:11:00.000Z";"2023-06-25T21:06:00.000Z";"2781";6.136147591;6.3516174461;6.0991062502;6.1505309518;171279410.69;3309600523.44;"2023-06-25T23:59:59.999Z"
"2023-06-24T00:00:00.000Z";"2023-06-24T23:59:59.999Z";"2023-06-24T12:36:00.000Z";"2023-06-24T15:47:00.000Z";"2781";6.0599865096;6.1637959817;5.9803137638;6.1360256505;158040286.9;3301795221.24;"2023-06-24T23:59:59.999Z"
"2023-06-23T00:00:00.000Z";"2023-06-23T23:59:59.999Z";"2023-06-23T21:09:00.000Z";"2023-06-23T00:02:00.000Z";"2781";5.5679815075;6.1277106127;5.5646571925;6.0590099107;267367868.04;3260353053.93;"2023-06-23T23:59:59.999Z"
"2023-06-22T00:00:00.000Z";"2023-06-22T23:59:59.999Z";"2023-06-22T03:18:00.000Z";"2023-06-22T00:13:00.000Z";"2781";5.563150025;5.7857051724;5.5411433156;5.5680665885;208397241.67;2996176466.73;"2023-06-22T23:59:59.999Z"
"2023-06-21T00:00:00.000Z";"2023-06-21T23:59:59.999Z";"2023-06-21T23:37:00.000Z";"2023-06-21T00:13:00.000Z";"2781";5.2635200475;5.5767841169;5.2528086419;5.5638373282;205902870.75;2993900701.89;"2023-06-21T23:59:59.999Z"
"2023-06-20T00:00:00.000Z";"2023-06-20T23:59:59.999Z";"2023-06-20T22:43:00.000Z";"2023-06-20T14:32:00.000Z";"2781";5.1199353754;5.2678694699;5.0109915602;5.2632099179;156987980.41;2832133101.32;"2023-06-20T23:59:59.999Z"
"2023-06-19T00:00:00.000Z";"2023-06-19T23:59:59.999Z";"2023-06-19T03:05:00.000Z";"2023-06-19T16:38:00.000Z";"2781";5.1611990369;5.1738157937;5.0238113535;5.1191559052;126273787.83;2754617641.32;"2023-06-19T23:59:59.999Z"
"2023-06-18T00:00:00.000Z";"2023-06-18T23:59:59.999Z";"2023-06-18T20:02:00.000Z";"2023-06-18T23:02:00.000Z";"2781";5.2832447422;5.2933970641;5.1603263077;5.1613460734;102460234.19;2777320169.62;"2023-06-18T23:59:59.999Z"
"2023-06-17T00:00:00.000Z";"2023-06-17T23:59:59.999Z";"2023-06-17T06:26:00.000Z";"2023-06-17T04:11:00.000Z";"2781";5.3192446205;5.3815827366;5.2465891326;5.2836583492;99730831.08;2843136401.59;"2023-06-17T23:59:59.999Z"
"2023-06-16T00:00:00.000Z";"2023-06-16T23:59:59.999Z";"2023-06-16T18:17:00.000Z";"2023-06-16T14:49:00.000Z";"2781";5.3061322381;5.3771216477;5.1752743992;5.3190808295;115615767.42;2750496539.75;"2023-06-16T23:59:59.999Z"
"2023-06-15T00:00:00.000Z";"2023-06-15T23:59:59.999Z";"2023-06-15T21:22:00.000Z";"2023-06-15T17:40:00.000Z";"2781";5.2427361982;5.3987892264;5.1761058501;5.3060490461;149056860.53;2743757804.98;"2023-06-15T23:59:59.999Z"
"2023-06-14T00:00:00.000Z";"2023-06-14T23:59:59.999Z";"2023-06-14T19:14:00.000Z";"2023-06-14T21:01:00.000Z";"2781";5.2935352595;5.4873290467;5.1733759492;5.2425573774;185859006.4;2710926264.95;"2023-06-14T23:59:59.999Z"
"2023-06-13T00:00:00.000Z";"2023-06-13T23:59:59.999Z";"2023-06-13T12:40:00.000Z";"2023-06-13T01:12:00.000Z";"2781";5.1635523988;5.3762749917;5.1230077591;5.293571858;137509652.28;2737305851.39;"2023-06-13T23:59:59.999Z"
"2023-06-12T00:00:00.000Z";"2023-06-12T23:59:59.999Z";"2023-06-12T22:08:00.000Z";"2023-06-12T03:13:00.000Z";"2781";5.1732256592;5.188609192;5.0456793353;5.1635377732;138650535.36;2670065229.98;"2023-06-12T23:59:59.999Z"
"2023-06-11T00:00:00.000Z";"2023-06-11T23:59:59.999Z";"2023-06-11T20:13:00.000Z";"2023-06-11T16:03:00.000Z";"2781";5.240856098;5.2455561432;5.1170876968;5.1731314691;135111698.46;2675026129.82;"2023-06-11T23:59:59.999Z"
"2023-06-10T00:00:00.000Z";"2023-06-10T23:59:59.999Z";"2023-06-10T00:22:00.000Z";"2023-06-10T17:05:00.000Z";"2781";5.9864233458;5.9974584875;4.9801655277;5.2411253433;526078781.45;2710185760.16;"2023-06-10T23:59:59.999Z"
"2023-06-09T00:00:00.000Z";"2023-06-09T23:59:59.999Z";"2023-06-09T13:25:00.000Z";"2023-06-09T20:13:00.000Z";"2781";5.9955613624;6.0722103923;5.9379874491;5.986427104;92158775.68;3095581278.58;"2023-06-09T23:59:59.999Z"
"2023-06-08T00:00:00.000Z";"2023-06-08T23:59:59.999Z";"2023-06-08T20:28:00.000Z";"2023-06-08T03:36:00.000Z";"2781";5.9138836115;6.0332157822;5.9007897676;5.9953136521;99184599.67;3100176512.35;"2023-06-08T23:59:59.999Z"
"2023-06-07T00:00:00.000Z";"2023-06-07T23:59:59.999Z";"2023-06-07T00:48:00.000Z";"2023-06-07T22:01:00.000Z";"2781";6.2602951301;6.2618971673;5.8629583867;5.9140673656;160767208.33;3058164059.99;"2023-06-07T23:59:59.999Z"
"2023-06-06T00:00:00.000Z";"2023-06-06T23:59:59.999Z";"2023-06-06T20:15:00.000Z";"2023-06-06T02:05:00.000Z";"2781";6.0659465707;6.3044711153;6.022431323;6.2606604018;185444688.19;3237387308.8;"2023-06-06T23:59:59.999Z"
"2023-06-05T00:00:00.000Z";"2023-06-05T23:59:59.999Z";"2023-06-05T00:41:00.000Z";"2023-06-05T16:07:00.000Z";"2781";6.4558086942;6.483292831;6.0242934034;6.0659497826;208202409.83;3136702453.36;"2023-06-05T23:59:59.999Z"
"2023-06-04T00:00:00.000Z";"2023-06-04T23:59:59.999Z";"2023-06-04T22:19:00.000Z";"2023-06-04T01:09:00.000Z";"2781";6.4169037206;6.5274402434;6.4024178374;6.4560242435;85885836.2;3338409945.58;"2023-06-04T23:59:59.999Z"
"2023-06-03T00:00:00.000Z";"2023-06-03T23:59:59.999Z";"2023-06-03T00:04:00.000Z";"2023-06-03T18:10:00.000Z";"2781";6.456490393;6.4577492079;6.3811102539;6.4169206414;73090216.47;3318189474.05;"2023-06-03T23:59:59.999Z"
"2023-06-02T00:00:00.000Z";"2023-06-02T23:59:59.999Z";"2023-06-02T05:44:00.000Z";"2023-06-02T00:40:00.000Z";"2781";6.3466611029;6.4781194814;6.3273952889;6.4563703349;113702808.77;3338588909.43;"2023-06-02T23:59:59.999Z"
"2023-06-01T00:00:00.000Z";"2023-06-01T23:59:59.999Z";"2023-06-01T00:31:00.000Z";"2023-06-01T23:34:00.000Z";"2781";6.4801828492;6.5063025993;6.3423412627;6.3464562461;119523183.63;3281752337.33;"2023-06-01T23:59:59.999Z"
"2023-05-31T00:00:00.000Z";"2023-05-31T23:59:59.999Z";"2023-05-31T01:03:00.000Z";"2023-05-31T14:22:00.000Z";"2781";6.613376151;6.6292035736;6.4333481879;6.4800952957;126487860.56;3350857085.96;"2023-05-31T23:59:59.999Z"
"2023-05-30T00:00:00.000Z";"2023-05-30T23:59:59.999Z";"2023-05-30T01:11:00.000Z";"2023-05-30T15:28:00.000Z";"2781";6.6399014036;6.6601105097;6.5493426345;6.6136545318;125036323.17;3419920563;"2023-05-30T23:59:59.999Z"
"2023-05-29T00:00:00.000Z";"2023-05-29T23:59:59.999Z";"2023-05-29T23:16:00.000Z";"2023-05-29T16:25:00.000Z";"2781";6.6386868609;6.6615977116;6.5450572786;6.6402848522;124828903.29;3433691100.9;"2023-05-29T23:59:59.999Z"
"2023-05-28T00:00:00.000Z";"2023-05-28T23:59:59.999Z";"2023-05-28T22:29:00.000Z";"2023-05-28T00:22:00.000Z";"2781";6.4401575267;6.6535734811;6.4277130053;6.6388514256;119525335.45;3432949876.01;"2023-05-28T23:59:59.999Z"
"2023-05-27T00:00:00.000Z";"2023-05-27T23:59:59.999Z";"2023-05-27T23:59:00.000Z";"2023-05-27T02:39:00.000Z";"2781";6.3515691277;6.4402001004;6.3468550187;6.4402001004;78479262.08;3330227281.63;"2023-05-27T23:59:59.999Z"
"2023-05-26T00:00:00.000Z";"2023-05-26T23:59:59.999Z";"2023-05-26T20:19:00.000Z";"2023-05-26T02:19:00.000Z";"2781";6.2793647449;6.3789763683;6.2493722153;6.3521908885;103191434.35;3284717720.73;"2023-05-26T23:59:59.999Z"
"2023-05-25T00:00:00.000Z";"2023-05-25T23:59:59.999Z";"2023-05-25T12:25:00.000Z";"2023-05-25T01:31:00.000Z";"2781";6.3273351933;6.338846837;6.206401871;6.2792267381;110856338.87;3246987960.72;"2023-05-25T23:59:59.999Z"
"2023-05-24T00:00:00.000Z";"2023-05-24T23:59:59.999Z";"2023-05-24T00:01:00.000Z";"2023-05-24T14:10:00.000Z";"2781";6.5083502149;6.5092439575;6.2404948333;6.3270655258;145479789.72;3271725396.46;"2023-05-24T23:59:59.999Z"
"2023-05-23T00:00:00.000Z";"2023-05-23T23:59:59.999Z";"2023-05-23T03:52:00.000Z";"2023-05-23T19:04:00.000Z";"2781";6.5300656035;6.6307272385;6.4884802496;6.508330197;106788576.51;3365457352.55;"2023-05-23T23:59:59.999Z"
"2023-05-22T00:00:00.000Z";"2023-05-22T23:59:59.999Z";"2023-05-22T10:29:00.000Z";"2023-05-22T00:49:00.000Z";"2781";6.4289939259;6.5833508015;6.3651901484;6.5299310153;139651618.02;3376627135.09;"2023-05-22T23:59:59.999Z"
"2023-05-21T00:00:00.000Z";"2023-05-21T23:59:59.999Z";"2023-05-21T01:01:00.000Z";"2023-05-21T21:26:00.000Z";"2781";6.5121747583;6.5407463145;6.3823483656;6.4294697476;90814391.05;3324678616.52;"2023-05-21T23:59:59.999Z"
"2023-05-20T00:00:00.000Z";"2023-05-20T23:59:59.999Z";"2023-05-20T18:02:00.000Z";"2023-05-20T06:46:00.000Z";"2781";6.5086912533;6.5383083332;6.4827757851;6.5125112064;69018309.74;3367619352.39;"2023-05-20T23:59:59.999Z"
"2023-05-19T00:00:00.000Z";"2023-05-19T23:59:59.999Z";"2023-05-19T15:23:00.000Z";"2023-05-19T19:43:00.000Z";"2781";6.5350097891;6.5470834151;6.4780509554;6.508408666;102133168.31;3365497928.88;"2023-05-19T23:59:59.999Z"
"2023-05-18T00:00:00.000Z";"2023-05-18T23:59:59.999Z";"2023-05-18T03:21:00.000Z";"2023-05-18T18:58:00.000Z";"2781";6.7534799475;6.7587190086;6.4591414273;6.5348124404;140449712.37;3379151319.87;"2023-05-18T23:59:59.999Z"
"2023-05-17T00:00:00.000Z";"2023-05-17T23:59:59.999Z";"2023-05-17T20:09:00.000Z";"2023-05-17T12:02:00.000Z";"2781";6.6586612923;6.797798991;6.5607426734;6.7538966853;168939575.82;3492439776.4;"2023-05-17T23:59:59.999Z"
"2023-05-16T00:00:00.000Z";"2023-05-16T23:59:59.999Z";"2023-05-16T08:29:00.000Z";"2023-05-16T01:37:00.000Z";"2781";6.6379574814;6.7149976095;6.5669984549;6.6590443536;137961090.28;3443391638.5;"2023-05-16T23:59:59.999Z"
"2023-05-15T00:00:00.000Z";"2023-05-15T23:59:59.999Z";"2023-05-15T06:52:00.000Z";"2023-05-15T00:56:00.000Z";"2781";6.5441053741;6.7005863063;6.4765633917;6.6380510844;138944472;3432536019.59;"2023-05-15T23:59:59.999Z"
"2023-05-14T00:00:00.000Z";"2023-05-14T23:59:59.999Z";"2023-05-14T15:53:00.000Z";"2023-05-14T01:21:00.000Z";"2781";6.5002169775;6.6056036566;6.4646552685;6.5438087865;89462585.69;3383803330.14;"2023-05-14T23:59:59.999Z"
"2023-05-13T00:00:00.000Z";"2023-05-13T23:59:59.999Z";"2023-05-13T00:02:00.000Z";"2023-05-13T19:50:00.000Z";"2781";6.6224929243;6.6246270008;6.4959416238;6.5003898857;107475508.68;3361351417.82;"2023-05-13T23:59:59.999Z"
"2023-05-12T00:00:00.000Z";"2023-05-12T23:59:59.999Z";"2023-05-12T23:47:00.000Z";"2023-05-12T05:55:00.000Z";"2781";6.3671184404;6.6270948463;6.2548906232;6.6219644188;174685169.76;3424217605.32;"2023-05-12T23:59:59.999Z"
"2023-05-11T00:00:00.000Z";"2023-05-11T23:59:59.999Z";"2023-05-11T00:00:00.000Z";"2023-05-11T18:23:00.000Z";"2781";6.5959673559;6.5959673559;6.2670555132;6.3669511849;187932433.96;3292350269.61;"2023-05-11T23:59:59.999Z"
"2023-05-10T00:00:00.000Z";"2023-05-10T23:59:59.999Z";"2023-05-10T13:07:00.000Z";"2023-05-10T17:23:00.000Z";"2781";6.5242761373;6.6887937931;6.3824733412;6.5959038389;204285549.42;3410741680.23;"2023-05-10T23:59:59.999Z"
"2023-05-09T00:00:00.000Z";"2023-05-09T23:59:59.999Z";"2023-05-09T01:37:00.000Z";"2023-05-09T16:07:00.000Z";"2781";6.5916938226;6.6271273739;6.4765195553;6.5242628717;135768008.59;3373696138.18;"2023-05-09T23:59:59.999Z"
"2023-05-08T00:00:00.000Z";"2023-05-08T23:59:59.999Z";"2023-05-08T01:04:00.000Z";"2023-05-08T18:09:00.000Z";"2781";6.9091731615;6.9162444106;6.4713936969;6.5917962227;254538830.59;3408617631.98;"2023-05-08T23:59:59.999Z"
"2023-05-07T00:00:00.000Z";"2023-05-07T23:59:59.999Z";"2023-05-07T14:56:00.000Z";"2023-05-07T03:35:00.000Z";"2781";6.9433224645;6.9908421102;6.9005351482;6.9096343335;116709453.1;3572971709.71;"2023-05-07T23:59:59.999Z"
"2023-05-06T00:00:00.000Z";"2023-05-06T23:59:59.999Z";"2023-05-06T00:40:00.000Z";"2023-05-06T15:04:00.000Z";"2781";7.2358463969;7.2735703551;6.914404222;6.9435176356;162574253.95;3590492764.2;"2023-05-06T23:59:59.999Z"
"2023-05-05T00:00:00.000Z";"2023-05-05T23:59:59.999Z";"2023-05-05T20:50:00.000Z";"2023-05-05T12:39:00.000Z";"2781";6.9976819862;7.2778699084;6.9773141905;7.2359206627;190358640.52;3741694360.88;"2023-05-05T23:59:59.999Z"
"2023-05-04T00:00:00.000Z";"2023-05-04T23:59:59.999Z";"2023-05-04T02:07:00.000Z";"2023-05-04T19:22:00.000Z";"2781";7.1234266119;7.1548387403;6.9709827888;6.9977132303;130913714.72;3618517304.61;"2023-05-04T23:59:59.999Z"
"2023-05-03T00:00:00.000Z";"2023-05-03T23:59:59.999Z";"2023-05-03T22:23:00.000Z";"2023-05-03T15:09:00.000Z";"2781";6.9864088724;7.1437952092;6.8396994979;7.1230720743;195763186.92;3683340359.16;"2023-05-03T23:59:59.999Z"
"2023-05-02T00:00:00.000Z";"2023-05-02T23:59:59.999Z";"2023-05-02T20:01:00.000Z";"2023-05-02T14:10:00.000Z";"2781";6.9011490801;7.001067297;6.8203500699;6.9865529663;147462616.24;3612746332.44;"2023-05-02T23:59:59.999Z"
"2023-05-01T00:00:00.000Z";"2023-05-01T23:59:59.999Z";"2023-05-01T00:46:00.000Z";"2023-05-01T21:01:00.000Z";"2781";7.0509226059;7.0794969203;6.819187421;6.9010273464;202483665.81;3568521036.91;"2023-05-01T23:59:59.999Z"
"2023-04-30T00:00:00.000Z";"2023-04-30T23:59:59.999Z";"2023-04-30T15:22:00.000Z";"2023-04-30T23:59:00.000Z";"2781";7.1871037784;7.2962463134;7.0520856071;7.0520856071;171483703.91;3646633259.07;"2023-04-30T23:59:59.999Z"
"2023-04-29T00:00:00.000Z";"2023-04-29T23:59:59.999Z";"2023-04-29T15:40:00.000Z";"2023-04-29T01:02:00.000Z";"2781";7.0499544855;7.2106410577;7.0127523867;7.1877226659;155603224.86;3716771178.18;"2023-04-29T23:59:59.999Z"
"2023-04-28T00:00:00.000Z";"2023-04-28T23:59:59.999Z";"2023-04-28T07:55:00.000Z";"2023-04-28T15:16:00.000Z";"2781";7.1707023297;7.1811778913;6.9941534849;7.0501341687;236637128.95;3645624170.34;"2023-04-28T23:59:59.999Z"
"2023-04-27T00:00:00.000Z";"2023-04-27T23:59:59.999Z";"2023-04-27T18:46:00.000Z";"2023-04-27T00:08:00.000Z";"2781";7.0044207913;7.2196436887;6.9969447241;7.1704043968;773383672.47;3707815901.71;"2023-04-27T23:59:59.999Z"
"2023-04-26T00:00:00.000Z";"2023-04-26T23:59:59.999Z";"2023-04-26T13:01:00.000Z";"2023-04-26T20:04:00.000Z";"2781";7.2713661967;7.4979067307;6.806466366;7.0042297039;358341934.21;3621886972.92;"2023-04-26T23:59:59.999Z"
"2023-04-25T00:00:00.000Z";"2023-04-25T23:59:59.999Z";"2023-04-25T22:07:00.000Z";"2023-04-25T08:25:00.000Z";"2781";7.0764020726;7.2901391835;6.9722473226;7.2715404422;197437028.63;3760113347.82;"2023-04-25T23:59:59.999Z"
"2023-04-24T00:00:00.000Z";"2023-04-24T23:59:59.999Z";"2023-04-24T14:20:00.000Z";"2023-04-24T17:04:00.000Z";"2781";7.0797863157;7.2529721499;7.0387516776;7.0764442989;222800034.08;3659229137.86;"2023-04-24T23:59:59.999Z"
"2023-04-23T00:00:00.000Z";"2023-04-23T23:59:59.999Z";"2023-04-23T00:01:00.000Z";"2023-04-23T18:52:00.000Z";"2781";7.1798733825;7.1802604771;6.9237532053;7.0799306316;208419899.84;3661031920.43;"2023-04-23T23:59:59.999Z"
"2023-04-22T00:00:00.000Z";"2023-04-22T23:59:59.999Z";"2023-04-22T16:19:00.000Z";"2023-04-22T00:55:00.000Z";"2781";7.1176551201;7.2247342783;7.0935902462;7.1797948616;179657710.83;3712671710.8;"2023-04-22T23:59:59.999Z"
"2023-04-21T00:00:00.000Z";"2023-04-21T23:59:59.999Z";"2023-04-21T00:52:00.000Z";"2023-04-21T22:37:00.000Z";"2781";7.5189616142;7.5830007754;7.043486944;7.1176501328;340540634.07;3680536673.35;"2023-04-21T23:59:59.999Z"
"2023-04-20T00:00:00.000Z";"2023-04-20T23:59:59.999Z";"2023-04-20T13:56:00.000Z";"2023-04-20T19:38:00.000Z";"2781";7.7689719311;7.9476499209;7.4943824686;7.5187512901;392775058.84;3887946069.97;"2023-04-20T23:59:59.999Z"
"2023-04-19T00:00:00.000Z";"2023-04-19T23:59:59.999Z";"2023-04-19T00:20:00.000Z";"2023-04-19T23:26:00.000Z";"2781";8.5755437333;8.5836347789;7.7236063999;7.7703596507;543475882.73;4018052745.79;"2023-04-19T23:59:59.999Z"
"2023-04-18T00:00:00.000Z";"2023-04-18T23:59:59.999Z";"2023-04-18T13:02:00.000Z";"2023-04-18T01:17:00.000Z";"2781";8.1654223974;8.7281608524;8.0634275065;8.5763990593;512634724.83;4434855700.17;"2023-04-18T23:59:59.999Z"
"2023-04-17T00:00:00.000Z";"2023-04-17T23:59:59.999Z";"2023-04-17T05:16:00.000Z";"2023-04-17T01:09:00.000Z";"2781";8.1366018248;8.2686862918;7.924432512;8.1643232407;460381260.8;4221771306.55;"2023-04-17T23:59:59.999Z"
"2023-04-16T00:00:00.000Z";"2023-04-16T23:59:59.999Z";"2023-04-16T21:10:00.000Z";"2023-04-16T14:37:00.000Z";"2781";8.0135243666;8.1590038824;7.9276951472;8.1368973462;284062027.19;4207589377.32;"2023-04-16T23:59:59.999Z"
"2023-04-15T00:00:00.000Z";"2023-04-15T23:59:59.999Z";"2023-04-15T17:14:00.000Z";"2023-04-15T04:30:00.000Z";"2781";7.7525280338;8.0450508165;7.638180201;8.0132870182;303168438.13;4143670480.36;"2023-04-15T23:59:59.999Z"
"2023-04-14T00:00:00.000Z";"2023-04-14T23:59:59.999Z";"2023-04-14T06:04:00.000Z";"2023-04-14T00:00:00.000Z";"2781";7.4652600428;7.8782745267;7.4652600428;7.7523570881;416438491.18;4008743621.19;"2023-04-14T23:59:59.999Z"
"2023-04-13T00:00:00.000Z";"2023-04-13T23:59:59.999Z";"2023-04-13T18:07:00.000Z";"2023-04-13T01:28:00.000Z";"2781";7.234309675;7.5242034258;7.1889866076;7.4645625303;227523491.68;3859925063.85;"2023-04-13T23:59:59.999Z"
"2023-04-12T00:00:00.000Z";"2023-04-12T23:59:59.999Z";"2023-04-12T14:34:00.000Z";"2023-04-12T02:56:00.000Z";"2781";7.3139903916;7.3611007543;7.1320339148;7.2504809882;195602303.82;3749223504.78;"2023-04-12T23:59:59.999Z"
"2023-04-11T00:00:00.000Z";"2023-04-11T23:59:59.999Z";"2023-04-11T08:41:00.000Z";"2023-04-11T23:34:00.000Z";"2781";7.3450831789;7.4433520153;7.2962703805;7.3137799508;188835267.86;3781955396.45;"2023-04-11T23:59:59.999Z"
"2023-04-10T00:00:00.000Z";"2023-04-10T23:59:59.999Z";"2023-04-10T23:26:00.000Z";"2023-04-10T01:42:00.000Z";"2781";7.2119439718;7.3631176727;7.1501399026;7.3446651955;169897201.48;3797926155.61;"2023-04-10T23:59:59.999Z"
"2023-04-09T00:00:00.000Z";"2023-04-09T23:59:59.999Z";"2023-04-09T22:35:00.000Z";"2023-04-09T14:49:00.000Z";"2781";7.1376478861;7.2497054549;7.0777615813;7.2120928687;114928202.85;3729373009.31;"2023-04-09T23:59:59.999Z"
"2023-04-08T00:00:00.000Z";"2023-04-08T23:59:59.999Z";"2023-04-08T06:06:00.000Z";"2023-04-08T22:31:00.000Z";"2781";7.2767123928;7.2931332196;7.1022641724;7.1375422416;114126743.29;3690822882.23;"2023-04-08T23:59:59.999Z"
"2023-04-07T00:00:00.000Z";"2023-04-07T23:59:59.999Z";"2023-04-07T23:19:00.000Z";"2023-04-07T08:06:00.000Z";"2781";7.1998888631;7.2922502323;7.1244582803;7.2774411876;134349449.37;3763164623.06;"2023-04-07T23:59:59.999Z"
"2023-04-06T00:00:00.000Z";"2023-04-06T23:59:59.999Z";"2023-04-06T00:01:00.000Z";"2023-04-06T21:10:00.000Z";"2781";7.3251866787;7.3260252702;7.143193313;7.2000034968;194248285.27;3723121595.47;"2023-04-06T23:59:59.999Z"
"2023-04-05T00:00:00.000Z";"2023-04-05T23:59:59.999Z";"2023-04-05T06:28:00.000Z";"2023-04-05T15:08:00.000Z";"2781";7.3786524398;7.5967167288;7.2640235211;7.3252422417;290799349.5;3787882546.75;"2023-04-05T23:59:59.999Z"
"2023-04-04T00:00:00.000Z";"2023-04-04T23:59:59.999Z";"2023-04-04T20:58:00.000Z";"2023-04-04T00:07:00.000Z";"2781";7.2391535588;7.4693623023;7.224438404;7.379017213;248607211.41;3815689582.82;"2023-04-04T23:59:59.999Z"
"2023-04-03T00:00:00.000Z";"2023-04-03T23:59:59.999Z";"2023-04-03T18:58:00.000Z";"2023-04-03T21:04:00.000Z";"2781";7.2589410735;7.4271268073;7.0731473542;7.2393485335;295585843.03;3743466912.77;"2023-04-03T23:59:59.999Z"
"2023-04-02T00:00:00.000Z";"2023-04-02T23:59:59.999Z";"2023-04-02T00:00:00.000Z";"2023-04-02T23:19:00.000Z";"2781";7.5507437818;7.5507437818;7.2242456912;7.2592938889;188792642.68;3753780655.47;"2023-04-02T23:59:59.999Z"
"2023-04-01T00:00:00.000Z";"2023-04-01T23:59:59.999Z";"2023-04-01T02:10:00.000Z";"2023-04-02T02:24:00.000Z";"2781";7.5957294804;7.6271818856;7.4596651762;7.4744815613;183579045.22;3865054194.51;"2023-04-01T23:59:59.999Z"
"2023-03-31T00:00:00.000Z";"2023-03-31T23:59:59.999Z";"2023-03-31T15:15:00.000Z";"2023-03-31T00:24:00.000Z";"2781";7.2325315816;7.6552444721;7.2312656177;7.5945685277;340384822.05;3927151161.28;"2023-03-31T23:59:59.999Z"
"2023-03-30T00:00:00.000Z";"2023-03-30T23:59:59.999Z";"2023-03-30T02:47:00.000Z";"2023-03-30T18:10:00.000Z";"2781";7.382504295;7.5282292494;7.1701251835;7.2327097169;279488315.96;3740033980.89;"2023-03-30T23:59:59.999Z"
"2023-03-29T00:00:00.000Z";"2023-03-29T23:59:59.999Z";"2023-03-29T21:28:00.000Z";"2023-03-29T00:49:00.000Z";"2781";6.9542639256;7.4586925168;6.9417057265;7.3825230997;297994491.44;3817502476.71;"2023-03-29T23:59:59.999Z"